0.20186491310596466;0.07831358164548874;1.0368162393569946
0.1977413445711136;-0.10656409710645676;1.0428346395492554
0.22154393792152405;0.0948125496506691;0.8977989554405212
0.3643326461315155;0.5711681842803955;0.8096596002578735
0.11627255380153656;0.09310218691825867;0.5695527791976929
0.10889687389135361;-0.1246933564543724;0.6209003925323486
0.25247877836227417;0.22383655607700348;0.8998364806175232
0.24158577620983124;0.22688907384872437;1.0417441129684448
0.054844826459884644;-0.5962284803390503;0.677560031414032
0.20918715000152588;0.24140691757202148;0.6251218318939209
0.3330475091934204;0.3500172197818756;0.8748202323913574
0.2841636836528778;0.3544769585132599;1.136869192123413
0.19106586277484894;0.29774996638298035;0.554672360420227
0.31038564443588257;0.3356941342353821;0.622635543346405
0.28967970609664917;0.5162269473075867;1.1734251976013184
0.2580793797969818;0.7465110421180725;0.8897954821586609
0.23992764949798584;0.7089810371398926;1.1612411737442017
0.20644965767860413;0.8976014852523804;0.8198014497756958
0.20482124388217926;0.8432576060295105;1.1348520517349243
0.1920011341571808;0.6679569482803345;0.5446773767471313
0.35510551929473877;0.525240421295166;0.714144766330719
0.08398241549730301;0.7968629002571106;0.6880012154579163
0.27186286449432373;0.6299275159835815;0.569354772567749
0.23554936051368713;1.1084966659545898;1.0162028074264526
-1.251213532782458e-08;0.807115912437439;0.6564984917640686
-1.3686778821409007e-08;0.8732059597969055;0.7239846587181091
0.10894918441772461;0.8765119910240173;0.7507579326629639
0.2675492465496063;1.0599327087402344;0.9772417545318604
-1.4812995274837704e-08;0.966826856136322;0.6477503180503845
0.14232195913791656;0.9855384230613708;0.6834034323692322
0.21007071435451508;1.049579381942749;1.2152373790740967
0.2299736738204956;1.047456979751587;1.1904162168502808
0.23580946028232574;1.064922571182251;1.1922821998596191
0.21595612168312073;1.0671722888946533;1.2165876626968384
0.19400006532669067;1.0889310836791992;0.7347000241279602
0.2146347314119339;1.145089864730835;0.9625676870346069
0.12779758870601654;1.1117568016052246;0.6991696953773499
0.08731142431497574;1.182342529296875;0.6687285900115967
0.13191121816635132;1.3264005184173584;0.7742576599121094
0.11893631517887115;1.278791904449463;0.8646547198295593
0.09881657361984253;1.2469894886016846;0.6627141237258911
0.1491774618625641;1.3508615493774414;0.7377866506576538
0.11285600066184998;1.3610446453094482;0.6789629459381104
0.12298187613487244;1.3911106586456299;0.7273585200309753
0.16729353368282318;-0.2606000006198883;0.7306485176086426
0.0976804867386818;-0.2757808566093445;0.6801192760467529
0.208172008395195;-0.2928508222103119;1.0739279985427856
0.25013187527656555;-0.2465977668762207;0.9206811785697937
0.11550246179103851;-0.12184721231460571;1.155487298965454
-1.2791133485734463e-08;-0.12718825042247772;1.1996283531188965
-1.2791133485734463e-08;-0.2867105007171631;1.2259609699249268
0.12309947609901428;-0.281406044960022;1.1825960874557495
0.16574448347091675;-0.3417479991912842;0.7438642978668213
0.06041140481829643;-0.4425337016582489;0.7441814541816711
0.22656230628490448;-0.4246959388256073;1.0879337787628174
0.2806583046913147;-0.3776538372039795;0.9417556524276733
-1.2980057029210457e-08;-0.44545257091522217;1.2545640468597412
0.12752804160118103;-0.4445973038673401;1.2026697397232056
-1.3090795114578668e-08;-0.6095226407051086;1.2385145425796509
0.1194416880607605;-0.6064892411231995;1.1835232973098755
0.20829026401042938;-0.7271767258644104;1.0442214012145996
0.2639639377593994;-0.7110564112663269;0.9380804300308228
-1.2791161907443893e-08;-0.7492047548294067;1.164819598197937
0.1746438592672348;-0.7759324312210083;0.7721207141876221
0.2563437223434448;-0.7000215649604797;0.81644207239151
0.09707630425691605;-0.8333126306533813;0.8363067507743835
0.10454466193914413;-0.8547688722610474;0.9527944326400757
0.12089148163795471;-0.841549813747406;0.8863205909729004
-1.2791160131087054e-08;-0.8742724657058716;1.0475667715072632
0.0647619441151619;-0.8651196360588074;1.0289652347564697
0.07278095185756683;-0.8937361240386963;0.8739954233169556
-1.2791151249302857e-08;-0.9268843531608582;0.9689140319824219
0.03615691140294075;-0.9045543670654297;0.9734894037246704
0.20033378899097443;0.31569117307662964;0.41172346472740173
0.26205217838287354;0.3577328622341156;0.4237370193004608
0.0991295650601387;0.3371230661869049;0.5269283652305603
0.07569283246994019;0.49812769889831543;0.5395407676696777
0.1251259446144104;0.45179060101509094;0.40949547290802
0.13813824951648712;0.358614444732666;0.41437411308288574
0.24952657520771027;0.5495479702949524;0.4065943956375122
0.2079266458749771;0.5827726721763611;0.3968323767185211
0.3365709185600281;0.5144538283348083;0.6257482171058655
0.28465035557746887;0.47533950209617615;0.4296165704727173
0.19561122357845306;0.29921093583106995;0.29562148451805115
0.24831905961036682;0.32816603779792786;0.292822003364563
0.1368982046842575;0.414064884185791;0.3087864816188812
0.14507518708705902;0.34311458468437195;0.31452539563179016
0.2035503387451172;0.514807939529419;0.27577346563339233
0.16021037101745605;0.5402145981788635;0.3973168730735779
0.26596999168395996;0.4040684401988983;0.28625354170799255
0.2550833821296692;0.47449660301208496;0.27857041358947754
0.18214011192321777;-0.4037504494190216;0.5677184462547302
0.11273840814828873;-0.47951099276542664;0.5782560706138611
0.28523045778274536;-0.33990684151649475;0.8091437816619873
0.3215070366859436;-0.5377160310745239;0.7144770622253418
0.2949554920196533;-0.5571365356445312;0.5881965160369873
0.24483267962932587;-0.42633968591690063;0.5770565867424011
0.15757815539836884;-0.7542094588279724;0.5898010730743408
0.07066210359334946;-0.6244065761566162;0.5823119878768921
0.040916185826063156;-0.5760353207588196;0.7406699061393738
0.19561326503753662;-0.4942907392978668;0.42931050062179565
0.14124983549118042;-0.5437508821487427;0.4330499470233917
0.24250826239585876;-0.5113962888717651;0.4334045350551605
0.16874459385871887;-0.7475011348724365;0.4559851586818695
0.22922541201114655;-0.6882262229919434;0.452436238527298
0.09775650501251221;-0.6551345586776733;0.44471076130867004
0.11642559617757797;-0.7256820201873779;0.45095786452293396
0.10145286470651627;-0.7214738130569458;0.5878325700759888
0.18924599885940552;-0.5493940114974976;0.32024502754211426
0.14258010685443878;-0.5948574542999268;0.3292393982410431
0.24370010197162628;-0.638608455657959;0.35106927156448364
0.2286120504140854;-0.5700864791870117;0.32983797788619995
0.11111753433942795;-0.6791142225265503;0.35014787316322327
0.183952197432518;-0.5871388912200928;0.22965283691883087
0.1405854970216751;-0.6228437423706055;0.23448681831359863
0.2276400774717331;-0.6850107908248901;0.2532196044921875
0.21509788930416107;-0.6217021942138672;0.23706373572349548
0.1621517688035965;-0.7914082407951355;0.26867422461509705
0.19911369681358337;-0.7515226006507874;0.2630120515823364
0.10871478915214539;-0.6918454170227051;0.2495085597038269
0.12070287019014359;-0.7500589489936829;0.26179322600364685
0.18811652064323425;-0.10365059226751328;0.6764531135559082
0.1821289211511612;0.4913330078125;1.2586374282836914
0.14488589763641357;0.8734911680221558;1.1734763383865356
0.21889255940914154;1.0016531944274902;1.0995880365371704
0.20810039341449738;1.1088156700134277;1.068979024887085
0.13682149350643158;1.1813883781433105;0.9530456066131592
0.07893674075603485;1.2801940441131592;0.9455013275146484
0.22590045630931854;-0.24501845240592957;0.8194698691368103
1.7112107286720857e-09;0.49601781368255615;0.5135094523429871
1.2032339569145734e-09;0.6110578775405884;0.5183119773864746
0.10643583536148071;0.6260136365890503;0.528268039226532
-1.6890071563580022e-09;0.335594117641449;0.4999000132083893
0.10588837414979935;0.22737416625022888;0.5616836547851562
-5.387133406031808e-09;0.20429003238677979;0.5123715400695801
-8.85125395200248e-09;0.06707548350095749;0.5196546912193298
-1.2829242557188536e-08;-0.15338586270809174;0.5749915838241577
-1.6043463446635542e-08;-0.29799512028694153;0.6487417817115784
-1.824158957219879e-08;-0.4143933951854706;0.7141523361206055
-1.9832887332427163e-08;-0.5860666036605835;0.7388079762458801
0.0671423077583313;-0.7564452886581421;0.770216166973114
-1.646380809461334e-08;-0.7492563724517822;0.7778785228729248
-1.2791135262091302e-08;-0.86465984582901;0.8173460364341736
0.16810242831707;1.1205103397369385;1.1104726791381836
-1.2791133485734463e-08;1.226595163345337;1.1095877885818481
0.15247534215450287;1.0333571434020996;1.1734485626220703
-1.2791133485734463e-08;0.05220741033554077;1.2026267051696777
-1.2791133485734463e-08;0.19640818238258362;1.2191678285598755
-1.31076447473788e-08;0.3312493860721588;1.2650132179260254
-1.3527735376328565e-08;0.47947704792022705;1.2818189859390259
-1.3446971536268393e-08;0.7043763995170593;1.2372146844863892
-1.2791133485734463e-08;0.872748613357544;1.2111238241195679
-1.2791133485734463e-08;1.044558048248291;1.21467924118042
-1.2791133485734463e-08;1.2791922092437744;1.0386288166046143
-1.2791133485734463e-08;1.3188652992248535;0.9756575226783752
-1.2791133485734463e-08;1.4202022552490234;0.8370322585105896
-1.2791133485734463e-08;1.4274463653564453;0.7754213809967041
0.3222573399543762;0.34369269013404846;0.7420815229415894
0.22267089784145355;-0.09186079353094101;0.7901301383972168
0.23494820296764374;0.0982469990849495;0.7722949981689453
0.24732814729213715;0.24510496854782104;0.766684889793396
0.2540663182735443;0.7151203155517578;0.7612754702568054
0.18116644024848938;-0.7660928964614868;0.6969247460365295
0.0667402595281601;-0.6960703730583191;0.6841393113136292
0.22923336923122406;-0.7068470120429993;0.7137852311134338
0.0866224467754364;-0.4611332416534424;0.6715837717056274
0.1829805225133896;-0.36723706126213074;0.6539590358734131
0.11087866127490997;-0.7549143433570862;0.688665509223938
0.32611364126205444;-0.5409364104270935;0.8210647702217102
0.04188719391822815;-0.6625844240188599;0.7535196542739868
-1.8359109787979833e-08;-0.6700867414474487;0.7517018914222717
0.08130083978176117;-0.8143344521522522;0.788422703742981
-1.4490856514726147e-08;-0.8138740658760071;0.7946302890777588
0.16938604414463043;0.7772074937820435;0.7271412014961243
0.11776924133300781;0.35256630182266235;0.4735792875289917
0.1001746878027916;0.47208404541015625;0.4682430624961853
0.20081499218940735;0.6210492253303528;0.4692062437534332
0.26181352138519287;0.5897903442382812;0.48217475414276123
0.1343604028224945;0.5746468901634216;0.46426352858543396
0.19588817656040192;0.3119128346443176;0.4834407567977905
0.3101963996887207;0.49546217918395996;0.5101901292800903
0.10772188752889633;0.8252350091934204;0.7554392218589783
0.26184287667274475;0.7250404953956604;1.0463330745697021
0.32934558391571045;0.5698314905166626;1.055254340171814
0.21912410855293274;0.8605993986129761;1.0131367444992065
0.1825254261493683;0.7118915915489197;0.6283338069915771
0.11411664634943008;0.6956052780151367;0.603471040725708
-2.90191337626311e-09;0.683484673500061;0.6150191426277161
0.17249780893325806;1.2303321361541748;0.8622260689735413
0.27734237909317017;1.0660343170166016;0.8657938241958618
0.2428281605243683;1.1319730281829834;0.8375805020332336
0.10919307172298431;1.231200933456421;1.0152926445007324
0.0993117168545723;1.247642993927002;1.0291019678115845
0.1424356997013092;1.1340625286102295;1.1525822877883911
0.06820753961801529;1.2971434593200684;0.9643027186393738
0.12550385296344757;1.201267957687378;1.0852882862091064
-1.2791133485734463e-08;1.40297269821167;0.7412490844726562
0.18742458522319794;1.17402982711792;0.9419896602630615
0.1815943568944931;1.1888630390167236;0.980005145072937
0.09727013111114502;1.2556703090667725;0.9534022212028503
0.14272090792655945;1.2327182292938232;0.9837003946304321
0.10158517956733704;1.2729363441467285;0.912745475769043
-1.2791133485734463e-08;1.093212604522705;0.6622574329376221
-1.2791133485734463e-08;1.1507608890533447;0.6456136107444763
-1.2791133485734463e-08;1.2354453802108765;0.6327956318855286
-1.2791133485734463e-08;1.3927555084228516;0.6925280094146729
-1.2791133485734463e-08;1.4069206714630127;0.7226400971412659
-1.2791133485734463e-08;1.1746792793273926;1.165095567703247
-1.2791133485734463e-08;1.3911819458007812;0.8743398785591125
-1.2791133485734463e-08;1.4299674034118652;0.7965863347053528
0.07808595150709152;1.365863561630249;0.7931063771247864
0.10402726382017136;1.3483302593231201;0.8101041913032532
0.07498250901699066;1.3854622840881348;0.8123863935470581
0.09699665755033493;1.360140085220337;0.8303759694099426
0.07465533167123795;1.378908634185791;0.868625819683075
0.06874623894691467;1.403475284576416;0.8298615217208862
0.15066444873809814;1.2703251838684082;0.7301647663116455
0.09551990032196045;1.3151066303253174;0.6742510795593262
-1.2791133485734463e-08;1.3496112823486328;0.6732682585716248
-1.2791133485734463e-08;1.325798749923706;0.6232789754867554
0.06335410475730896;1.3172099590301514;0.645766019821167
-1.2791133485734463e-08;1.3501981496810913;0.661672055721283
0.21513329446315765;1.1524200439453125;1.037801742553711
0.13908357918262482;1.1782231330871582;1.059934377670288
0.17752064764499664;1.1970970630645752;0.9187045097351074
0.24682848155498505;1.137688398361206;0.9018696546554565
0.13956156373023987;1.109065294265747;1.1716668605804443
-1.2791133485734463e-08;1.1112570762634277;1.1987820863723755
0.23207606375217438;0.9670137166976929;0.7620024085044861
0.27467480301856995;0.9881742596626282;0.9006142020225525
0.27882272005081177;1.0212299823760986;0.8081493973731995
0.0774885043501854;1.2322602272033691;1.0662486553192139
-1.2791133485734463e-08;1.2672443389892578;1.0652412176132202
0.23608368635177612;1.0724401473999023;0.7756965160369873
0.13075460493564606;1.1568641662597656;0.7039892673492432
0.18114051222801208;1.1362993717193604;0.7323966026306152
0.14249680936336517;1.229182481765747;0.7193121910095215
0.17491182684898376;1.2054028511047363;0.7988229990005493
0.22385774552822113;0.8081598877906799;0.8654584884643555
0.061237141489982605;1.38399076461792;0.6818628311157227
0.0657024011015892;1.4079341888427734;0.7228236794471741
0.14919842779636383;-0.7940787672996521;0.8335468173027039
0.32520565390586853;0.5929237604141235;0.920546293258667
0.2954867482185364;0.6819857954978943;0.9052904844284058
0.28268662095069885;0.6509886384010315;1.0592472553253174
0.2499653846025467;0.7021307945251465;1.1159169673919678
0.16531328856945038;0.7393800616264343;1.2047576904296875
0.15544049441814423;0.7981386184692383;1.1915563344955444
0.23791147768497467;0.33111372590065;0.49492698907852173
0.28469860553741455;0.3805510997772217;0.5067570805549622
0.3239484429359436;0.5106327533721924;0.5583245754241943
0.3240864872932434;0.42885851860046387;0.6132670044898987
0.29041585326194763;0.6429444551467896;0.6805782914161682
0.32625722885131836;0.5885018706321716;0.6987324953079224
0.26938706636428833;0.4060528874397278;0.4213155210018158
0.21236035227775574;0.9221230149269104;1.1059383153915405
0.14834700524806976;0.9540459513664246;1.171870231628418
0.27731889486312866;0.465911328792572;0.397731214761734
0.17591595649719238;0.5634104013442993;1.2480231523513794
0.17495779693126678;0.6336154341697693;1.2336225509643555
-1.3907503593202364e-08;0.5945638418197632;1.2697221040725708
-1.2806861349190513e-08;0.7892767190933228;1.2197669744491577
0.2477542757987976;0.5275067090988159;0.3633200526237488
0.2355293184518814;0.15107151865959167;0.8981739282608032
0.2282576560974121;0.2427000105381012;0.6938325762748718
0.2415720671415329;0.17624139785766602;0.7677701711654663
0.26343291997909546;0.2963654696941376;0.6242815852165222
-1.3383620434126442e-08;0.42234769463539124;1.2771692276000977
0.294037789106369;0.29586848616600037;0.9059215188026428
0.2628042697906494;0.29101884365081787;1.0904568433761597
0.16239701211452484;0.4843674302101135;0.29863861203193665
0.16333259642124176;0.5065097808837891;0.33567965030670166
0.3227372467517853;0.4917401671409607;1.0780521631240845
0.20936311781406403;0.5492634773254395;0.3364248275756836
0.2804702818393707;0.4121737480163574;1.1647733449935913
0.3447340130805969;0.43294453620910645;0.8820104598999023
0.35908183455467224;0.48457103967666626;0.8683764934539795
0.32294490933418274;0.3933860957622528;1.0193378925323486
0.30012306571006775;0.36234867572784424;1.0654139518737793
0.2566458284854889;0.25534260272979736;1.0004048347473145
0.2722648084163666;0.627089262008667;1.1443109512329102
0.19831344485282898;0.294607937335968;1.188672423362732
0.2147045135498047;0.423525869846344;1.2311166524887085
0.15754097700119019;0.36327245831489563;1.2444509267807007
0.30301764607429504;0.42979201674461365;1.086650013923645
0.22918587923049927;-0.4533904790878296;1.088200330734253
0.23276512324810028;-0.4925379157066345;1.0885637998580933
0.309961199760437;-0.4608674645423889;0.8196642994880676
0.2958264946937561;-0.39433395862579346;0.8041744828224182
0.29790741205215454;-0.4609144330024719;0.9504335522651672
0.29751336574554443;-0.4713350832462311;0.6965595483779907
0.26046276092529297;-0.6302529573440552;0.592059314250946
0.3081552982330322;-0.5364438891410828;0.6518896818161011
0.0680093988776207;-0.317603200674057;0.6913009881973267
0.16643543541431427;-0.3054455518722534;0.7383657097816467
0.2612113356590271;-0.3070693612098694;0.8147377967834473
0.24115212261676788;-0.2693192958831787;0.8170915246009827
0.2570796012878418;-0.27611789107322693;0.92641282081604
0.26905983686447144;-0.33174774050712585;0.9466333389282227
-1.1115429465746729e-08;-0.04143921285867691;0.5369667410850525
0.1125846579670906;-0.014053707011044025;0.5873084664344788
0.22640864551067352;-0.034720391035079956;0.780191957950592
0.22973977029323578;0.016683820635080338;0.7757114171981812
0.23240432143211365;0.05821406468749046;0.7733994126319885
0.1166355088353157;-0.06746415793895721;1.1560407876968384
0.11780714988708496;-0.011262192390859127;1.1568002700805664
0.11892259120941162;0.042276740074157715;1.1579258441925049
0.11804231256246567;-0.17517659068107605;1.1653697490692139
0.11976166069507599;-0.21129277348518372;1.1715898513793945
-1.2791133485734463e-08;-0.244029700756073;1.2189745903015137
0.1221066564321518;0.07272779941558838;1.1594345569610596
0.136605903506279;0.14354778826236725;1.1654398441314697
0.14528512954711914;0.18599717319011688;1.1694666147232056
0.12258203327655792;-0.31647247076034546;1.1874984502792358
0.1260330080986023;-0.3895058035850525;1.1958932876586914
0.04080771282315254;0.05457732826471329;1.1875741481781006
0.1740172803401947;-0.209951713681221;0.7133875489234924
0.17989958822727203;-0.16568297147750854;0.6979214549064636
0.23727738857269287;0.1255081295967102;0.7702562212944031
0.21288669109344482;0.11933518946170807;1.0373305082321167
0.22901509702205658;0.1796625405550003;1.0393245220184326
0.20366457104682922;0.12871477007865906;0.6297386288642883
0.20551271736621857;0.16608169674873352;0.6273409724235535
0.22780603170394897;0.1199323907494545;0.8977509140968323
-1.2791133485734463e-08;-0.008265942335128784;1.2015103101730347
0.20187000930309296;-0.1569625288248062;1.0486294031143188
0.2092488706111908;-0.23378558456897736;1.0574212074279785
-1.2791133485734463e-08;0.13872060179710388;1.212364673614502
0.218796506524086;-0.3470814824104309;1.0748652219772339
0.23597435653209686;-0.18567001819610596;0.9150243997573853
0.10421758145093918;-0.18777069449424744;0.6460548639297485
0.20017868280410767;0.0024402460549026728;1.03799569606781
0.19859738647937775;-0.06833246350288391;1.0408307313919067
0.21596737205982208;-0.07470165193080902;0.9039866924285889
0.21712900698184967;-0.039720430970191956;0.9008031487464905
0.21856491267681122;0.003726550843566656;0.8987570405006409
0.21946798264980316;0.031192529946565628;0.8979830145835876
0.2002602517604828;0.07155550271272659;0.6355461478233337
0.1965925097465515;0.017815615981817245;0.6436200141906738
0.1897883415222168;-0.07992212474346161;0.6678673028945923
-1.2791133485734463e-08;-0.3660815358161926;1.240262508392334
0.22795788943767548;-0.21689575910568237;0.9823642373085022
0.15704376995563507;-0.2249504178762436;1.1324907541275024
0.1594262421131134;0.08683039993047714;1.1074808835983276
0.22256329655647278;0.1582064926624298;0.6957574486732483
0.15192236006259918;0.03110220655798912;1.1088935136795044
0.20570622384548187;0.22059178352355957;1.0930759906768799
0.15600480139255524;0.2314782738685608;1.184107780456543
0.1661807894706726;0.2687835991382599;1.205273985862732
-1.2791133485734463e-08;0.2735811769962311;1.2458146810531616
0.226606547832489;-0.7303587198257446;0.8231883645057678
0.18443292379379272;-0.7631481289863586;0.8280202150344849
0.15641747415065765;-0.7909728288650513;0.9982922077178955
0.23129533231258392;-0.7408528327941895;0.9263659715652466
0.19245712459087372;-0.7762763500213623;0.9123507142066956
0.07912624627351761;-0.8698803186416626;0.9378873705863953
0.2075805366039276;-0.7181999683380127;0.34250497817993164
0.24829721450805664;-0.6750333309173584;0.6357443928718567
0.16641898453235626;-0.7654739618301392;0.3560646176338196
0.12698927521705627;-0.7319798469543457;0.3937804400920868
0.2905815839767456;-0.6518672704696655;0.9502995014190674
0.2214023470878601;-0.6696268320083618;1.0622233152389526
0.2726345658302307;-0.6394241452217102;0.6980013847351074
0.28784292936325073;-0.6281991004943848;0.8184605240821838
0.09310536831617355;-0.7923004031181335;1.0758661031723022
0.12970326840877533;-0.7409981489181519;0.34372133016586304
0.18716178834438324;-0.7393196821212769;0.5894728302955627
0.21855171024799347;-0.7103340029716492;0.5915625691413879
0.16779159009456635;-0.7546340227127075;0.40307727456092834
0.15485377609729767;-0.7359145283699036;1.0840673446655273
0.21822209656238556;-0.7005215883255005;0.4069187641143799
0.2783908247947693;-0.5950427651405334;0.5104464888572693
0.2676733732223511;-0.5955469608306885;0.46152329444885254
0.19173036515712738;-0.46792227029800415;0.4705214202404022
0.10236848145723343;-0.6634119749069214;0.4122655987739563
0.24168409407138824;-0.46074530482292175;0.5182828307151794
0.26989465951919556;-0.49118855595588684;0.5843757390975952
0.3083460330963135;-0.5983341336250305;0.9596921801567078
0.24460554122924805;-0.38058599829673767;0.6790099143981934
0.3029036521911621;-0.5416821837425232;0.9765747785568237
0.25419890880584717;-0.40509968996047974;0.6331833004951477
0.24823829531669617;-0.41863369941711426;0.5974132418632507
0.31390732526779175;-0.5941089987754822;0.9104940891265869
0.318017840385437;-0.5380839109420776;0.8674010038375854
0.2774302363395691;-0.3557860255241394;0.7653846144676208
0.32756006717681885;-0.5660717487335205;0.7437623143196106
0.23325714468955994;-0.617595374584198;1.0785948038101196
0.30294567346572876;-0.5937626957893372;0.8195755481719971
0.20166043937206268;-0.35919666290283203;0.7151067852973938
0.31353437900543213;-0.5161949992179871;0.913741946220398
0.23715339601039886;-0.5442355275154114;1.0899128913879395
-1.2859344700189013e-08;-0.6787624955177307;1.2090500593185425
0.11421403288841248;-0.673351526260376;1.1646442413330078
0.11405973881483078;-0.7216694951057434;1.1322803497314453
-1.3129310083570545e-08;-0.484943687915802;1.2507010698318481
-1.3295180956163222e-08;-0.5586995482444763;1.2434861660003662
0.12475063651800156;-0.5002017021179199;1.1960935592651367
0.12192454189062119;-0.5448142886161804;1.191233515739441
0.18842117488384247;-0.5536384582519531;1.1433838605880737
0.07449247688055038;-0.5408163070678711;1.2198340892791748
0.18239663541316986;-0.65766441822052;1.109458327293396
0.2248390167951584;-0.19467660784721375;0.8099012970924377
0.22400641441345215;-0.1552397608757019;0.8021988272666931
0.22647452354431152;-0.14489293098449707;0.9109944701194763
0.23452970385551453;-0.6831950545310974;0.5598475933074951
0.2324889600276947;-0.6830497980117798;0.49990856647491455
0.2599559426307678;-0.6276018023490906;0.5273892283439636
0.20072278380393982;-0.7208878397941589;0.48652663826942444
0.36176544427871704;0.5303295254707336;0.8397486209869385
0.3473747968673706;0.47896215319633484;0.7216792106628418
0.3381471633911133;0.42658036947250366;0.7291491627693176
0.285938024520874;0.295680969953537;0.7534985542297363
0.24372293055057526;0.6850583553314209;0.6611737608909607
0.26874589920043945;0.6901056170463562;0.7334583401679993
0.16348956525325775;0.7380938529968262;0.6457865238189697
0.2143094539642334;0.7160226106643677;0.6882006525993347
0.21748797595500946;0.7624445557594299;0.7992756366729736
0.13034451007843018;0.7858500480651855;0.7122674584388733
0.13257244229316711;0.8029205203056335;0.7411622405052185
0.1429436206817627;0.7594569325447083;0.6725978851318359
0.03554669767618179;-0.870383083820343;0.8256034851074219
-1.2791161907443893e-08;-0.8224950432777405;1.1046797037124634
-1.2791133485734463e-08;-0.9733164310455322;0.8368021845817566
0.038193948566913605;-0.8925043940544128;0.7892107367515564
0.038031309843063354;-0.9364529848098755;0.898016631603241
-1.2791137038448142e-08;-0.9538497924804688;0.9041987061500549
0.12452944368124008;1.174346685409546;0.95048588514328
0.12562352418899536;1.1795494556427002;0.9855811595916748
0.1140366941690445;1.1968936920166016;0.9861056804656982
0.12320486456155777;1.1716115474700928;0.9690396189689636
0.10494353622198105;1.1906371116638184;0.9650517702102661
0.11299221962690353;1.1902885437011719;0.9430508613586426
0.10827945917844772;1.2101624011993408;0.9437072277069092
0.10885492712259293;1.2157466411590576;0.9788837432861328
0.1026267558336258;1.2156810760498047;0.9609875679016113
0.1322263777256012;1.1961026191711426;0.9332438707351685
0.15935072302818298;1.2111201286315918;0.9623922109603882
0.1556347906589508;1.186305046081543;0.9495401978492737
0.161407008767128;1.1862375736236572;0.9679216742515564
0.14194637537002563;1.1756374835968018;0.9470531344413757
0.1337481588125229;1.2054107189178467;0.9939568638801575
0.14642658829689026;1.1697461605072021;0.9707260131835938
0.14337058365345;1.181938648223877;0.9899415969848633
0.15693384408950806;1.1913971900939941;0.9845374226570129
0.15240320563316345;1.21126389503479;0.9841711521148682
0.12256944179534912;1.2194631099700928;0.9379663467407227
0.13979636132717133;1.2218997478485107;0.9417266249656677
0.15110483765602112;1.2047901153564453;0.9413206577301025
0.11833488196134567;1.2321267127990723;0.9580399394035339
0.14042487740516663;1.2274503707885742;0.9767513275146484
0.14155487716197968;1.230067491531372;0.9582768082618713
0.1230909675359726;1.2263364791870117;0.9810166954994202
-1.2791133485734463e-08;0.9337389469146729;1.215327501296997
0.16501612961292267;1.1675701141357422;1.055454969406128
0.19526168704032898;1.1775293350219727;1.0062179565429688
-1.2791133485734463e-08;1.0021634101867676;1.2150033712387085
0.11772799491882324;-0.5924125909805298;0.12685580551624298
0.16344158351421356;-0.7037680149078369;0.09267475455999374
0.08766518533229828;-0.5553305149078369;0.0705147385597229
0.16372457146644592;-0.67699134349823;-0.0008431677124463022
0.20986101031303406;-0.6851469278335571;0.09993082284927368
0.20977722108364105;-0.6652008295059204;-0.0008431680616922677
0.10977636277675629;-0.5569131970405579;0.09020697325468063
0.11478285491466522;-0.6481109857559204;-0.0008431750466115773
0.1063685268163681;-0.6701016426086426;0.099105603992939
0.1637762039899826;-0.542011022567749;0.10078029334545135
0.23513303697109222;-0.5713042616844177;0.08549564331769943
0.1672421097755432;-0.5164527297019958;0.08826213330030441
0.16854263842105865;-0.5624163746833801;-0.0008431802853010595
0.12810678780078888;-0.5522563457489014;-0.0008431802853010595
0.20321525633335114;-0.5734037756919861;-0.000843179237563163
0.2520277798175812;-0.5370293855667114;0.0650702565908432
0.1322232335805893;-0.5142558813095093;0.07795415818691254
0.1691523939371109;-0.5009550452232361;-0.0008431802853010595
0.20812217891216278;-0.5246152281761169;0.07548867166042328
0.16233235597610474;-0.575946569442749;0.13536076247692108
0.21352656185626984;-0.6039338111877441;0.12739740312099457
0.08840020000934601;-0.5561426877975464;-0.0008431791211478412
0.13057450950145721;-0.5021899342536926;-0.0008431802853010595
0.25269296765327454;-0.5385631918907166;-0.0008431794121861458
0.21021603047847748;-0.516261637210846;-0.0008431802853010595
0.07903797924518585;-0.4890725910663605;-0.0008431797032244503
0.08598311245441437;-0.46168121695518494;-0.0008431798196397722
0.08709745109081268;-0.4598187506198883;0.03593122586607933
0.08085374534130096;-0.48428621888160706;0.06317509710788727
0.21428699791431427;-0.451031357049942;0.032658278942108154
0.21961824595928192;-0.46745625138282776;0.06158395856618881
0.11878874897956848;-0.471755713224411;0.0646708607673645
0.11304663121700287;-0.4531218707561493;0.035984039306640625
0.22499866783618927;-0.4891056716442108;0.05440450459718704
0.23320220410823822;-0.4814842641353607;0.03148830309510231
0.1956896036863327;-0.44243165850639343;0.033516302704811096
0.18273355066776276;-0.4530395567417145;0.06977774947881699
0.13113731145858765;-0.46190324425697327;-0.0008431802853010595
0.13752701878547668;-0.44791534543037415;-0.0008431802853010595
0.16181160509586334;-0.4471767842769623;-0.0008431802853010595
0.16956044733524323;-0.46172645688056946;-0.0008431802853010595
0.1683172881603241;-0.45056310296058655;0.06813807040452957
0.16227813065052032;-0.4364455044269562;0.033146269619464874
0.25244733691215515;-0.49126914143562317;0.030680622905492783
0.25733262300491333;-0.5087742209434509;0.051676079630851746
0.1367362141609192;-0.43846508860588074;0.0317859873175621
0.12727206945419312;-0.45515313744544983;0.06302941590547562
0.1803090125322342;-0.46585068106651306;-0.0008431802853010595
0.19402165710926056;-0.4538591206073761;-0.0008431802853010595
0.2516993582248688;-0.4920754134654999;-0.0008431797032244503
0.2579822540283203;-0.508758544921875;-0.0008431795286014676
0.22019417583942413;-0.49211469292640686;-0.0008431801688857377
0.23141862452030182;-0.48119208216667175;-0.000843179936055094
0.11657816171646118;-0.458228200674057;-0.0008431801106780767
0.12296141684055328;-0.47589758038520813;-0.0008431802853010595
0.21347947418689728;-0.4620470702648163;-0.0008431802853010595
0.21695862710475922;-0.4764081537723541;-0.0008431802853010595
0.16346006095409393;-0.6877851486206055;0.05110110715031624
0.11252664029598236;-0.6566480398178101;0.062350571155548096
0.2086237221956253;-0.6702120304107666;0.05409960821270943
0.13846541941165924;0.44553008675575256;0.14076019823551178
0.1829914152622223;0.3138253688812256;0.13115397095680237
0.10905840247869492;0.47384727001190186;0.08605054765939713
0.19162870943546295;0.34572362899780273;0.0008346939575858414
0.24470609426498413;0.32639041543006897;0.1351683884859085
0.25552263855934143;0.3502339720726013;0.0008346940157935023
0.13499082624912262;0.4719911217689514;0.10914601385593414
0.1378832757472992;0.3688719868659973;0.0008346941904164851
0.13299885392189026;0.3502691984176636;0.130526602268219
0.19832299649715424;0.4894685745239258;0.12154662609100342
0.28130361437797546;0.4459332227706909;0.09753800928592682
0.20238791406154633;0.5194438099861145;0.1068650633096695
0.20391318202018738;0.46553677320480347;0.000834696926176548
0.15648917853832245;0.47745269536972046;0.0008346965769305825
0.24457794427871704;0.45265060663223267;0.0008346965769305825
0.3018262982368469;0.49531108140945435;0.07966513931751251
0.16131700575351715;0.5220203399658203;0.09477566182613373
0.20462825894355774;0.537619948387146;0.000834696926176548
0.25033289194107056;0.5098707675933838;0.09188409149646759
0.19690899550914764;0.4715525507926941;0.1469147503376007
0.2687967121601105;0.4444032907485962;0.1475711166858673
0.1099204272031784;0.472894549369812;0.000834696285892278
0.15938334167003632;0.5361716151237488;0.0008346966351382434
0.302606463432312;0.49351227283477783;0.0008346965769305825
0.25278860330581665;0.5196680426597595;0.000834696926176548
0.09894022345542908;0.5515559911727905;0.0008346964023075998
0.10708561539649963;0.5836811661720276;0.0008346964605152607
0.10839256644248962;0.5858654379844666;0.045490287244319916
0.10106977820396423;0.5571694374084473;0.077442467212677
0.25756311416625977;0.5961714386940002;0.04165169596672058
0.263815701007843;0.5769081115722656;0.07557634264230728
0.14556077122688293;0.5718655586242676;0.07919672131538391
0.13882631063461304;0.5937196612358093;0.04555221647024155
0.2701259255409241;0.5515172481536865;0.06715613603591919
0.27974724769592285;0.5604556798934937;0.04027952253818512
0.2357516884803772;0.606257438659668;0.0426580086350441
0.2205565869808197;0.5938162207603455;0.0851861983537674
0.16004341840744019;0.5834206938743591;0.000834696926176548
0.1675374060869217;0.5998260974884033;0.000834696926176548
0.19601885974407196;0.6006922721862793;0.000834696926176548
0.20510688424110413;0.5836281180381775;0.000834696926176548
0.2036488652229309;0.5967206954956055;0.08326313644647598
0.19656601548194885;0.6132781505584717;0.04222402721643448
0.3023183345794678;0.5489798784255981;0.03933224827051163
0.308047890663147;0.5284494757652283;0.06395617127418518
0.16660994291305542;0.6109095215797424;0.04062865674495697
0.15551018714904785;0.5913375020027161;0.07727160304784775
0.21771299839019775;0.578791081905365;0.000834696926176548
0.23379552364349365;0.5928550958633423;0.000834696926176548
0.30144113302230835;0.5480342507362366;0.0008346966351382434
0.3088098168373108;0.5284678339958191;0.0008346965769305825
0.26449114084243774;0.5479879379272461;0.0008346967515535653
0.2776554822921753;0.5607982873916626;0.0008346966351382434
0.14296813309192657;0.587730884552002;0.0008346965187229216
0.1504545658826828;0.567007839679718;0.0008346965187229216
0.2566160559654236;0.5832520127296448;0.000834696926176548
0.2606964707374573;0.5664089918136597;0.000834696926176548
0.1874220371246338;0.3283059597015381;0.05908319726586342
0.13665786385536194;0.3603496551513672;0.07006789743900299
0.2449733316898346;0.3359776735305786;0.06163812056183815
0.2203378975391388;-0.6495219469070435;0.1120532900094986
0.22270749509334564;-0.6270493865013123;0.06083562225103378
0.23630525171756744;-0.6029635667800903;-0.000843177258502692
0.10385116934776306;-0.6263779401779175;0.11304088681936264
0.0951099842786789;-0.5983226895332336;-0.0008431773167103529
0.10235960781574249;-0.601978063583374;0.07135569304227829
0.2833866477012634;0.4179823398590088;0.0008346957620233297
0.2701432406902313;0.3843618631362915;0.14163964986801147
0.27564457058906555;0.3951528072357178;0.07130205631256104
0.11858510971069336;0.4184267520904541;0.08689482510089874
0.12188736349344254;0.40208879113197327;0.13343973457813263
0.11794786900281906;0.4273184537887573;0.0008346953545697033
-0.20186494290828705;0.07831358164548874;1.0368162393569946
-0.19774137437343597;-0.10656409710645676;1.0428346395492554
-0.22154396772384644;0.0948125496506691;0.8977989554405212
-0.3643326759338379;0.5711681842803955;0.8096596002578735
-0.11627257615327835;0.09310218691825867;0.5695527791976929
-0.108896903693676;-0.1246933564543724;0.6209003925323486
-0.25247877836227417;0.22383655607700348;0.8998364806175232
-0.24158580601215363;0.22688907384872437;1.0417441129684448
-0.05484486371278763;-0.5962284803390503;0.677560031414032
-0.20918716490268707;0.24140691757202148;0.6251218318939209
-0.3330475091934204;0.3500172197818756;0.8748202323913574
-0.2841637134552002;0.3544769585132599;1.136869192123413
-0.19106587767601013;0.29774996638298035;0.554672360420227
-0.31038564443588257;0.3356941342353821;0.622635543346405
-0.28967970609664917;0.5162269473075867;1.1734251976013184
-0.2580794095993042;0.7465110421180725;0.8897954821586609
-0.23992769420146942;0.7089810371398926;1.1612411737442017
-0.2064496874809265;0.8976014852523804;0.8198014497756958
-0.20482127368450165;0.8432576060295105;1.1348520517349243
-0.19200114905834198;0.6679569482803345;0.5446773767471313
-0.35510554909706116;0.525240421295166;0.714144766330719
-0.0839824452996254;0.7968629002571106;0.6880012154579163
-0.27186286449432373;0.6299275159835815;0.569354772567749
-0.23554939031600952;1.1084966659545898;1.0162028074264526
-0.108949214220047;0.8765119910240173;0.7507579326629639
-0.2675492465496063;1.0599327087402344;0.9772417545318604
-0.14232198894023895;0.9855384230613708;0.6834034323692322
-0.21007074415683746;1.049579381942749;1.2152373790740967
-0.229973703622818;1.047456979751587;1.1904162168502808
-0.23580949008464813;1.064922571182251;1.1922821998596191
-0.21595615148544312;1.0671722888946533;1.2165876626968384
-0.19400009512901306;1.0889310836791992;0.7347000241279602
-0.2146347612142563;1.145089864730835;0.9625676870346069
-0.12779761850833893;1.1117568016052246;0.6991696953773499
-0.08731145411729813;1.182342529296875;0.6687285900115967
-0.1319112479686737;1.3264005184173584;0.7742576599121094
-0.11893634498119354;1.278791904449463;0.8646547198295593
-0.09881660342216492;1.2469894886016846;0.6627141237258911
-0.14917749166488647;1.3508615493774414;0.7377866506576538
-0.11285603046417236;1.3610446453094482;0.6789629459381104
-0.12298190593719482;1.3911106586456299;0.7273585200309753
-0.16729356348514557;-0.2606000006198883;0.7306485176086426
-0.09768052399158478;-0.2757808566093445;0.6801192760467529
-0.2081720381975174;-0.2928508222103119;1.0739279985427856
-0.25013187527656555;-0.2465977668762207;0.9206811785697937
-0.1155024915933609;-0.12184721231460571;1.155487298965454
-0.12309950590133667;-0.281406044960022;1.1825960874557495
-0.16574452817440033;-0.3417479991912842;0.7438642978668213
-0.06041144207119942;-0.4425337016582489;0.7441814541816711
-0.22656235098838806;-0.4246959388256073;1.0879337787628174
-0.2806583344936371;-0.3776538372039795;0.9417556524276733
-0.12752807140350342;-0.4445973038673401;1.2026697397232056
-0.11944172531366348;-0.6064892411231995;1.1835232973098755
-0.20829030871391296;-0.7271767258644104;1.0442214012145996
-0.2639639675617218;-0.7110564112663269;0.9380804300308228
-0.17464390397071838;-0.7759324312210083;0.7721207141876221
-0.2563437521457672;-0.7000215649604797;0.81644207239151
-0.09707633405923843;-0.8333126306533813;0.8363067507743835
-0.10454469174146652;-0.8547688722610474;0.9527944326400757
-0.1208915114402771;-0.841549813747406;0.8863205909729004
-0.06476197391748428;-0.8651196360588074;1.0289652347564697
-0.07278098165988922;-0.8937361240386963;0.8739954233169556
-0.03615693375468254;-0.9045543670654297;0.9734894037246704
-0.20033381879329681;0.31569117307662964;0.41172346472740173
-0.26205217838287354;0.3577328622341156;0.4237370193004608
-0.0991295650601387;0.3371230661869049;0.5269283652305603
-0.07569283246994019;0.49812769889831543;0.5395407676696777
-0.1251259446144104;0.45179060101509094;0.40949547290802
-0.13813826441764832;0.358614444732666;0.41437411308288574
-0.24952657520771027;0.5495479702949524;0.4065943956375122
-0.2079266458749771;0.5827726721763611;0.3968323767185211
-0.3365708589553833;0.5144538283348083;0.6257482171058655
-0.28465035557746887;0.47533950209617615;0.4296165704727173
-0.19561125338077545;0.29921093583106995;0.29562148451805115
-0.2483190894126892;0.32816603779792786;0.292822003364563
-0.1368982195854187;0.414064884185791;0.3087864816188812
-0.1450752168893814;0.34311458468437195;0.31452539563179016
-0.20355036854743958;0.514807939529419;0.27577346563339233
-0.16021037101745605;0.5402145981788635;0.3973168730735779
-0.26596999168395996;0.4040684401988983;0.28625354170799255
-0.2550833821296692;0.47449660301208496;0.27857041358947754
-0.18214015662670135;-0.4037504494190216;0.5677184462547302
-0.11273845285177231;-0.47951099276542664;0.5782560706138611
-0.28523048758506775;-0.33990684151649475;0.8091437816619873
-0.321507066488266;-0.5377160310745239;0.7144770622253418
-0.2949555218219757;-0.5571365356445312;0.5881965160369873
-0.24483272433280945;-0.42633968591690063;0.5770565867424011
-0.15757820010185242;-0.7542094588279724;0.5898010730743408
-0.07066214084625244;-0.6244065761566162;0.5823119878768921
-0.04091622307896614;-0.5760353207588196;0.7406699061393738
-0.195613294839859;-0.4942907392978668;0.42931050062179565
-0.1412498652935028;-0.5437508821487427;0.4330499470233917
-0.24250829219818115;-0.5113962888717651;0.4334045350551605
-0.16874462366104126;-0.7475011348724365;0.4559851586818695
-0.22922544181346893;-0.6882262229919434;0.452436238527298
-0.0977565348148346;-0.6551345586776733;0.44471076130867004
-0.11642562597990036;-0.7256820201873779;0.45095786452293396
-0.10145290195941925;-0.7214738130569458;0.5878325700759888
-0.1892460286617279;-0.5493940114974976;0.32024502754211426
-0.14258013665676117;-0.5948574542999268;0.3292393982410431
-0.24370013177394867;-0.638608455657959;0.35106927156448364
-0.22861208021640778;-0.5700864791870117;0.32983797788619995
-0.11111756414175034;-0.6791142225265503;0.35014787316322327
-0.1839522272348404;-0.5871388912200928;0.22965283691883087
-0.1405855268239975;-0.6228437423706055;0.23448681831359863
-0.22764010727405548;-0.6850108504295349;0.2532196044921875
-0.21509791910648346;-0.6217021942138672;0.23706373572349548
-0.16215179860591888;-0.7914082407951355;0.26867422461509705
-0.19911372661590576;-0.7515226006507874;0.2630120515823364
-0.10871481895446777;-0.6918454170227051;0.2495085597038269
-0.12070289999246597;-0.7500589489936829;0.26179322600364685
-0.18811655044555664;-0.10365059226751328;0.6764531135559082
-0.18212896585464478;0.4913330078125;1.2586374282836914
-0.14488592743873596;0.8734911680221558;1.1734763383865356
-0.21889258921146393;1.0016531944274902;1.0995880365371704
-0.20810042321681976;1.1088156700134277;1.068979024887085
-0.13682152330875397;1.1813883781433105;0.9530456066131592
-0.07893677055835724;1.2801940441131592;0.9455013275146484
-0.22590048611164093;-0.24501845240592957;0.8194698691368103
-0.10643584281206131;0.6260136365890503;0.528268039226532
-0.10588838905096054;0.22737416625022888;0.5616836547851562
-0.06714234501123428;-0.7564452886581421;0.770216166973114
-0.1681024581193924;1.1205103397369385;1.1104726791381836
-0.15247537195682526;1.0333571434020996;1.1734485626220703
-0.32225731015205383;0.34369269013404846;0.7420815229415894
-0.22267092764377594;-0.09186079353094101;0.7901301383972168
-0.23494821786880493;0.0982469990849495;0.7722949981689453
-0.24732816219329834;0.24510496854782104;0.766684889793396
-0.2540663480758667;0.7151203155517578;0.7612754702568054
-0.18116648495197296;-0.7660928964614868;0.6969247460365295
-0.06674029678106308;-0.6960703730583191;0.6841393113136292
-0.22923341393470764;-0.7068470120429993;0.7137852311134338
-0.08662249147891998;-0.4611332416534424;0.6715837717056274
-0.18298056721687317;-0.36723706126213074;0.6539590358734131
-0.11087869852781296;-0.7549143433570862;0.688665509223938
-0.32611367106437683;-0.5409364104270935;0.8210647702217102
-0.041887227445840836;-0.6625844240188599;0.7535196542739868
-0.08130087703466415;-0.8143344521522522;0.788422703742981
-0.16938607394695282;0.7772074937820435;0.7271412014961243
-0.11776924878358841;0.35256630182266235;0.4735792875289917
-0.1001746878027916;0.47208404541015625;0.4682430624961853
-0.20081500709056854;0.6210492253303528;0.4692062437534332
-0.26181352138519287;0.5897903442382812;0.48217475414276123
-0.1343604177236557;0.5746468901634216;0.46426352858543396
-0.1958881914615631;0.3119128346443176;0.4834407567977905
-0.3101963400840759;0.49546217918395996;0.5101901292800903
-0.10772191733121872;0.8252350091934204;0.7554392218589783
-0.26184290647506714;0.7250404953956604;1.0463330745697021
-0.32934558391571045;0.5698314905166626;1.055254340171814
-0.21912413835525513;0.8605993986129761;1.0131367444992065
-0.18252544105052948;0.7118915915489197;0.6283338069915771
-0.11411666125059128;0.6956052780151367;0.603471040725708
-0.17249783873558044;1.2303321361541748;0.8622260689735413
-0.27734237909317017;1.0660343170166016;0.8657938241958618
-0.24282819032669067;1.1319730281829834;0.8375805020332336
-0.1091931015253067;1.231200933456421;1.0152926445007324
-0.09931174665689468;1.247642993927002;1.0291019678115845
-0.1424357295036316;1.1340625286102295;1.1525822877883911
-0.06820756942033768;1.2971434593200684;0.9643027186393738
-0.12550388276576996;1.201267957687378;1.0852882862091064
-0.18742461502552032;1.17402982711792;0.9419896602630615
-0.1815943866968155;1.1888630390167236;0.980005145072937
-0.09727016091346741;1.2556703090667725;0.9534022212028503
-0.14272093772888184;1.2327182292938232;0.9837003946304321
-0.10158520936965942;1.2729363441467285;0.912745475769043
-0.07808598130941391;1.365863561630249;0.7931063771247864
-0.10402729362249374;1.3483302593231201;0.8101041913032532
-0.07498253881931305;1.3854622840881348;0.8123863935470581
-0.09699668735265732;1.360140085220337;0.8303759694099426
-0.07465536147356033;1.378908634185791;0.868625819683075
-0.06874626874923706;1.403475284576416;0.8298615217208862
-0.15066447854042053;1.2703251838684082;0.7301647663116455
-0.09551993012428284;1.3151066303253174;0.6742510795593262
-0.06335413455963135;1.3172099590301514;0.645766019821167
-0.21513332426548004;1.1524200439453125;1.037801742553711
-0.1390836089849472;1.1782231330871582;1.059934377670288
-0.17752067744731903;1.1970970630645752;0.9187045097351074
-0.24682851135730743;1.137688398361206;0.9018696546554565
-0.13956159353256226;1.109065294265747;1.1716668605804443
-0.23207609355449677;0.9670137166976929;0.7620024085044861
-0.27467480301856995;0.9881742596626282;0.9006142020225525
-0.27882272005081177;1.0212299823760986;0.8081493973731995
-0.07748853415250778;1.2322602272033691;1.0662486553192139
-0.2360837161540985;1.0724401473999023;0.7756965160369873
-0.13075463473796844;1.1568641662597656;0.7039892673492432
-0.18114054203033447;1.1362993717193604;0.7323966026306152
-0.14249683916568756;1.229182481765747;0.7193121910095215
-0.17491185665130615;1.2054028511047363;0.7988229990005493
-0.2238577902317047;0.8081598877906799;0.8654584884643555
-0.061237163841724396;1.38399076461792;0.6818628311157227
-0.06570243090391159;1.4079341888427734;0.7228236794471741
-0.14919845759868622;-0.7940787672996521;0.8335468173027039
-0.3252056837081909;0.5929237604141235;0.920546293258667
-0.2954867482185364;0.6819857954978943;0.9052904844284058
-0.28268665075302124;0.6509886384010315;1.0592472553253174
-0.24996542930603027;0.7021307945251465;1.1159169673919678
-0.16531331837177277;0.7393800616264343;1.2047576904296875
-0.1554405242204666;0.7981386184692383;1.1915563344955444
-0.23791149258613586;0.33111372590065;0.49492698907852173
-0.2846985459327698;0.3805510997772217;0.5067570805549622
-0.3239484429359436;0.5106327533721924;0.5583245754241943
-0.3240864872932434;0.42885851860046387;0.6132670044898987
-0.29041585326194763;0.6429444551467896;0.6805782914161682
-0.32625719904899597;0.5885018706321716;0.6987324953079224
-0.26938706636428833;0.4060528874397278;0.4213155210018158
-0.21236038208007812;0.9221230149269104;1.1059383153915405
-0.14834703505039215;0.9540459513664246;1.171870231628418
-0.2773188650608063;0.465911328792572;0.397731214761734
-0.17591600120067596;0.5634104013442993;1.2480231523513794
-0.17495784163475037;0.6336154341697693;1.2336225509643555
-0.2477542906999588;0.5275067090988159;0.3633200526237488
-0.2355293482542038;0.15107151865959167;0.8981739282608032
-0.2282576709985733;0.2427000105381012;0.6938325762748718
-0.2415720820426941;0.17624139785766602;0.7677701711654663
-0.26343291997909546;0.2963654696941376;0.6242815852165222
-0.294037789106369;0.29586848616600037;0.9059215188026428
-0.2628042697906494;0.29101884365081787;1.0904568433761597
-0.16239704191684723;0.4843674302101135;0.29863861203193665
-0.16333262622356415;0.5065097808837891;0.33567965030670166
-0.32273727655410767;0.4917401671409607;1.0780521631240845
-0.20936313271522522;0.5492634773254395;0.3364248275756836
-0.2804703116416931;0.4121737480163574;1.1647733449935913
-0.3447340130805969;0.43294453620910645;0.8820104598999023
-0.35908186435699463;0.48457103967666626;0.8683764934539795
-0.3229449391365051;0.3933860957622528;1.0193378925323486
-0.30012309551239014;0.36234867572784424;1.0654139518737793
-0.2566458284854889;0.25534260272979736;1.0004048347473145
-0.27226483821868896;0.627089262008667;1.1443109512329102
-0.19831347465515137;0.294607937335968;1.188672423362732
-0.21470455825328827;0.423525869846344;1.2311166524887085
-0.15754100680351257;0.36327245831489563;1.2444509267807007
-0.30301767587661743;0.42979201674461365;1.086650013923645
-0.22918592393398285;-0.4533904790878296;1.088200330734253
-0.23276516795158386;-0.4925379157066345;1.0885637998580933
-0.3099612295627594;-0.4608674645423889;0.8196642994880676
-0.2958264946937561;-0.39433395862579346;0.8041744828224182
-0.29790744185447693;-0.4609144330024719;0.9504335522651672
-0.2975133955478668;-0.4713350832462311;0.6965595483779907
-0.26046276092529297;-0.6302529573440552;0.592059314250946
-0.3081552982330322;-0.5364438891410828;0.6518896818161011
-0.06800943613052368;-0.317603200674057;0.6913009881973267
-0.16643548011779785;-0.3054455518722534;0.7383657097816467
-0.2612113356590271;-0.3070693612098694;0.8147377967834473
-0.24115216732025146;-0.2693192958831787;0.8170915246009827
-0.2570796012878418;-0.27611789107322693;0.92641282081604
-0.26905983686447144;-0.33174774050712585;0.9466333389282227
-0.1125846803188324;-0.014053707011044025;0.5873084664344788
-0.2264086753129959;-0.034720391035079956;0.780191957950592
-0.22973980009555817;0.016683820635080338;0.7757114171981812
-0.23240435123443604;0.05821406468749046;0.7733994126319885
-0.11663553863763809;-0.06746415793895721;1.1560407876968384
-0.11780717968940735;-0.011262192390859127;1.1568002700805664
-0.11892262101173401;0.042276740074157715;1.1579258441925049
-0.11804234236478806;-0.17517659068107605;1.1653697490692139
-0.11976169049739838;-0.21129277348518372;1.1715898513793945
-0.12210668623447418;0.07272779941558838;1.1594345569610596
-0.13660593330860138;0.14354778826236725;1.1654398441314697
-0.14528515934944153;0.18599717319011688;1.1694666147232056
-0.12258206307888031;-0.31647247076034546;1.1874984502792358
-0.12603303790092468;-0.3895058035850525;1.1958932876586914
-0.04080773517489433;0.05457732826471329;1.1875741481781006
-0.1740173101425171;-0.209951713681221;0.7133875489234924
-0.17989961802959442;-0.16568297147750854;0.6979214549064636
-0.23727740347385406;0.1255081295967102;0.7702562212944031
-0.2128867208957672;0.11933518946170807;1.0373305082321167
-0.22901512682437897;0.1796625405550003;1.0393245220184326
-0.20366458594799042;0.12871477007865906;0.6297386288642883
-0.20551273226737976;0.16608169674873352;0.6273409724235535
-0.22780606150627136;0.1199323907494545;0.8977509140968323
-0.20187003910541534;-0.1569625288248062;1.0486294031143188
-0.20924890041351318;-0.23378558456897736;1.0574212074279785
-0.2187965363264084;-0.3470814824104309;1.0748652219772339
-0.23597438633441925;-0.18567001819610596;0.9150243997573853
-0.10421761125326157;-0.18777069449424744;0.6460548639297485
-0.20017871260643005;0.0024402460549026728;1.03799569606781
-0.19859741628170013;-0.06833246350288391;1.0408307313919067
-0.21596740186214447;-0.07470165193080902;0.9039866924285889
-0.21712903678417206;-0.039720430970191956;0.9008031487464905
-0.2185649424791336;0.003726550843566656;0.8987570405006409
-0.21946801245212555;0.031192529946565628;0.8979830145835876
-0.20026026666164398;0.07155550271272659;0.6355461478233337
-0.1965925395488739;0.017815615981817245;0.6436200141906738
-0.18978837132453918;-0.07992212474346161;0.6678673028945923
-0.22795791923999786;-0.21689575910568237;0.9823642373085022
-0.15704379975795746;-0.2249504178762436;1.1324907541275024
-0.1594262719154358;0.08683039993047714;1.1074808835983276
-0.22256331145763397;0.1582064926624298;0.6957574486732483
-0.15192238986492157;0.03110220655798912;1.1088935136795044
-0.20570625364780426;0.22059178352355957;1.0930759906768799
-0.15600483119487762;0.2314782738685608;1.184107780456543
-0.166180819272995;0.2687835991382599;1.205273985862732
-0.2266065925359726;-0.7303587198257446;0.8231883645057678
-0.1844329684972763;-0.7631481289863586;0.8280202150344849
-0.15641750395298004;-0.7909728288650513;0.9982922077178955
-0.2312953770160675;-0.7408528327941895;0.9263659715652466
-0.1924571692943573;-0.7762763500213623;0.9123507142066956
-0.07912627607584;-0.8698803186416626;0.9378873705863953
-0.20758056640625;-0.7181999683380127;0.34250497817993164
-0.24829725921154022;-0.6750333309173584;0.6357443928718567
-0.16641901433467865;-0.7654739618301392;0.3560646176338196
-0.12698930501937866;-0.7319798469543457;0.3937804400920868
-0.290581613779068;-0.6518672704696655;0.9502995014190674
-0.2214023917913437;-0.6696268320083618;1.0622233152389526
-0.2726345956325531;-0.6394241452217102;0.6980013847351074
-0.2878429591655731;-0.6281991004943848;0.8184605240821838
-0.09310539811849594;-0.7923004031181335;1.0758661031723022
-0.12970329821109772;-0.7409981489181519;0.34372133016586304
-0.18716183304786682;-0.7393196821212769;0.5894728302955627
-0.21855175495147705;-0.7103340029716492;0.5915625691413879
-0.16779161989688873;-0.7546340227127075;0.40307727456092834
-0.15485380589962006;-0.7359145283699036;1.0840673446655273
-0.21822212636470795;-0.7005215883255005;0.4069187641143799
-0.2783908247947693;-0.5950427651405334;0.5104464888572693
-0.2676733732223511;-0.5955469608306885;0.46152329444885254
-0.19173039495944977;-0.46792227029800415;0.4705214202404022
-0.10236851125955582;-0.6634119749069214;0.4122655987739563
-0.24168413877487183;-0.46074530482292175;0.5182828307151794
-0.26989468932151794;-0.49118855595588684;0.5843757390975952
-0.30834606289863586;-0.5983341336250305;0.9596921801567078
-0.24460558593273163;-0.38058599829673767;0.6790099143981934
-0.3029036521911621;-0.5416821837425232;0.9765747785568237
-0.25419890880584717;-0.40509968996047974;0.6331833004951477
-0.24823834002017975;-0.41863369941711426;0.5974132418632507
-0.31390735507011414;-0.5941089987754822;0.9104940891265869
-0.3180178701877594;-0.5380839109420776;0.8674010038375854
-0.2774302661418915;-0.3557860255241394;0.7653846144676208
-0.32756006717681885;-0.5660717487335205;0.7437623143196106
-0.23325718939304352;-0.617595374584198;1.0785948038101196
-0.30294567346572876;-0.5937626957893372;0.8195755481719971
-0.20166048407554626;-0.35919666290283203;0.7151067852973938
-0.31353437900543213;-0.5161949992179871;0.913741946220398
-0.23715344071388245;-0.5442355275154114;1.0899128913879395
-0.11421406269073486;-0.673351526260376;1.1646442413330078
-0.11405976861715317;-0.7216694951057434;1.1322803497314453
-0.12475067377090454;-0.5002017021179199;1.1960935592651367
-0.12192457914352417;-0.5448142886161804;1.191233515739441
-0.18842121958732605;-0.5536384582519531;1.1433838605880737
-0.07449250668287277;-0.5408163070678711;1.2198340892791748
-0.18239668011665344;-0.65766441822052;1.109458327293396
-0.22483904659748077;-0.19467660784721375;0.8099012970924377
-0.22400644421577454;-0.1552397608757019;0.8021988272666931
-0.2264745533466339;-0.14489293098449707;0.9109944701194763
-0.23452973365783691;-0.6831950545310974;0.5598475933074951
-0.2324889898300171;-0.6830497980117798;0.49990856647491455
-0.2599559426307678;-0.6276018023490906;0.5273892283439636
-0.2007228136062622;-0.7208878397941589;0.48652663826942444
-0.36176544427871704;0.5303295254707336;0.8397486209869385
-0.3473747670650482;0.47896215319633484;0.7216792106628418
-0.3381471335887909;0.42658036947250366;0.7291491627693176
-0.2859380543231964;0.295680969953537;0.7534985542297363
-0.24372296035289764;0.6850583553314209;0.6611737608909607
-0.26874589920043945;0.6901056170463562;0.7334583401679993
-0.16348958015441895;0.7380938529968262;0.6457865238189697
-0.2143094837665558;0.7160226106643677;0.6882006525993347
-0.21748802065849304;0.7624445557594299;0.7992756366729736
-0.13034453988075256;0.7858500480651855;0.7122674584388733
-0.1325724720954895;0.8029205203056335;0.7411622405052185
-0.14294365048408508;0.7594569325447083;0.6725978851318359
-0.035546720027923584;-0.870383083820343;0.8256034851074219
-0.056614819914102554;-0.9223657846450806;0.8091481924057007
-0.038031332194805145;-0.9364529848098755;0.898016631603241
-0.16501615941524506;1.1675701141357422;1.055454969406128
-0.19526171684265137;1.1775293350219727;1.0062179565429688
-0.11772802472114563;-0.5924126505851746;0.12685580551624298
-0.16344161331653595;-0.7037680149078369;0.09267475455999374
-0.08766521513462067;-0.5553305149078369;0.0705147385597229
-0.1637246012687683;-0.67699134349823;-0.0008431675378233194
-0.20986104011535645;-0.6851469278335571;0.09993082284927368
-0.20977725088596344;-0.6652008295059204;-0.000843167828861624
-0.10977639257907867;-0.5569131970405579;0.09020697325468063
-0.11478288471698761;-0.6481109857559204;-0.0008431747555732727
-0.10636855661869049;-0.6701016426086426;0.099105603992939
-0.163776233792305;-0.542011022567749;0.10078029334545135
-0.2351330667734146;-0.5713042616844177;0.08549564331769943
-0.1672421395778656;-0.5164527297019958;0.08826213330030441
-0.16854266822338104;-0.5624163746833801;-0.0008431798778474331
-0.12810681760311127;-0.5522563457489014;-0.0008431798778474331
-0.20321528613567352;-0.5734037756919861;-0.0008431788301095366
-0.2520277798175812;-0.5370293855667114;0.0650702565908432
-0.13222326338291168;-0.5142558813095093;0.07795415818691254
-0.1691524237394333;-0.5009550452232361;-0.0008431798778474331
-0.20812220871448517;-0.5246152281761169;0.07548867166042328
-0.16233238577842712;-0.575946569442749;0.13536076247692108
-0.21352659165859222;-0.6039338707923889;0.12739740312099457
-0.0884002298116684;-0.5561426877975464;-0.0008431787136942148
-0.1305745393037796;-0.5021899342536926;-0.0008431798778474331
-0.25269296765327454;-0.5385631918907166;-0.0008431790047325194
-0.21021606028079987;-0.516261637210846;-0.0008431798778474331
-0.07903800904750824;-0.4890725910663605;-0.000843179295770824
-0.08598314225673676;-0.46168121695518494;-0.0008431794121861458
-0.08709748089313507;-0.4598187506198883;0.03593122586607933
-0.08085377514362335;-0.48428621888160706;0.06317509710788727
-0.21428702771663666;-0.451031357049942;0.032658278942108154
-0.2196182757616043;-0.46745625138282776;0.06158395856618881
-0.11878877878189087;-0.471755713224411;0.0646708607673645
-0.11304666101932526;-0.4531218707561493;0.035984039306640625
-0.22499869763851166;-0.4891056716442108;0.05440450459718704
-0.2332022339105606;-0.4814842641353607;0.03148830309510231
-0.1956896334886551;-0.44243165850639343;0.033516302704811096
-0.18273358047008514;-0.4530395567417145;0.06977774947881699
-0.13113734126091003;-0.46190324425697327;-0.0008431798778474331
-0.13752704858779907;-0.44791534543037415;-0.0008431798778474331
-0.16181163489818573;-0.4471767842769623;-0.0008431798778474331
-0.1695604771375656;-0.46172645688056946;-0.0008431798778474331
-0.16831731796264648;-0.45056310296058655;0.06813807040452957
-0.1622781604528427;-0.4364455044269562;0.033146269619464874
-0.25244733691215515;-0.49126914143562317;0.030680624768137932
-0.25733262300491333;-0.5087742209434509;0.051676079630851746
-0.13673624396324158;-0.43846508860588074;0.0317859873175621
-0.1272720992565155;-0.45515313744544983;0.06302941590547562
-0.18030904233455658;-0.46585068106651306;-0.0008431798778474331
-0.19402168691158295;-0.4538591206073761;-0.0008431798778474331
-0.2516993582248688;-0.4920754134654999;-0.000843179295770824
-0.2579822540283203;-0.508758544921875;-0.0008431791211478412
-0.22019420564174652;-0.49211469292640686;-0.0008431797614321113
-0.2314186543226242;-0.48119208216667175;-0.0008431795286014676
-0.11657819151878357;-0.458228200674057;-0.0008431797032244503
-0.12296144664287567;-0.47589758038520813;-0.0008431798778474331
-0.21347950398921967;-0.4620470702648163;-0.0008431798778474331
-0.2169586569070816;-0.4764081537723541;-0.0008431798778474331
-0.16346009075641632;-0.6877851486206055;0.05110110715031624
-0.11252667009830475;-0.6566480398178101;0.062350571155548096
-0.2086237519979477;-0.6702120304107666;0.05409960821270943
-0.13846544921398163;0.44553008675575256;0.14076021313667297
-0.18299144506454468;0.3138253688812256;0.13115397095680237
-0.1090584322810173;0.47384727001190186;0.08605055510997772
-0.19162873923778534;0.34572362899780273;0.0008346968097612262
-0.24470612406730652;0.32639041543006897;0.1351684033870697
-0.25552263855934143;0.3502339720726013;0.0008346968679688871
-0.134990856051445;0.4719911217689514;0.10914601385593414
-0.13788330554962158;0.3688719868659973;0.000834696926176548
-0.13299888372421265;0.3502691984176636;0.130526602268219
-0.19832302629947662;0.4894685745239258;0.12154662609100342
-0.28130361437797546;0.4459332227706909;0.09753800928592682
-0.2023879438638687;0.5194438099861145;0.1068650633096695
-0.20391321182250977;0.46553677320480347;0.0008346987888216972
-0.15648920834064484;0.47745269536972046;0.0008346985559910536
-0.24457797408103943;0.45265060663223267;0.0008346985559910536
-0.3018262982368469;0.49531108140945435;0.07966513931751251
-0.16131703555583954;0.5220203399658203;0.09477566182613373
-0.20462828874588013;0.537619948387146;0.0008346987888216972
-0.25033289194107056;0.5098707675933838;0.09188409149646759
-0.19690902531147003;0.4715525507926941;0.1469147503376007
-0.2687967121601105;0.4444032907485962;0.1475711166858673
-0.1099204570055008;0.472894549369812;0.0008346983231604099
-0.1593833714723587;0.5361716151237488;0.0008346986141987145
-0.302606463432312;0.49351227283477783;0.0008346985559910536
-0.25278860330581665;0.5196680426597595;0.0008346987888216972
-0.09894025325775146;0.5515559911727905;0.0008346984395757318
-0.10708564519882202;0.5836811661720276;0.0008346984395757318
-0.10839259624481201;0.5858654379844666;0.045490287244319916
-0.10106980800628662;0.5571694374084473;0.077442467212677
-0.25756311416625977;0.5961714386940002;0.04165169969201088
-0.263815701007843;0.5769081115722656;0.07557635009288788
-0.14556080102920532;0.5718655586242676;0.07919672131538391
-0.13882634043693542;0.5937196612358093;0.04555221647024155
-0.2701259255409241;0.5515172481536865;0.06715613603591919
-0.27974724769592285;0.5604556798934937;0.04027952253818512
-0.23575171828269958;0.606257438659668;0.0426580086350441
-0.2205566167831421;0.5938162207603455;0.0851861983537674
-0.16004344820976257;0.5834206938743591;0.0008346987888216972
-0.16753743588924408;0.5998260974884033;0.0008346987888216972
-0.19601888954639435;0.6006922721862793;0.0008346987888216972
-0.2051069140434265;0.5836281180381775;0.0008346987888216972
-0.2036488950252533;0.5967206954956055;0.08326314389705658
-0.19656604528427124;0.6132781505584717;0.04222402721643448
-0.3023183345794678;0.5489798784255981;0.039332251995801926
-0.308047890663147;0.5284494757652283;0.06395617127418518
-0.1666099727153778;0.6109095215797424;0.04062865674495697
-0.15551021695137024;0.5913375020027161;0.07727161049842834
-0.21771302819252014;0.578791081905365;0.0008346987888216972
-0.23379555344581604;0.5928550958633423;0.0008346987888216972
-0.30144113302230835;0.5480342507362366;0.0008346985559910536
-0.3088098168373108;0.5284678339958191;0.0008346985559910536
-0.26449114084243774;0.5479879379272461;0.0008346986724063754
-0.2776554822921753;0.5607982873916626;0.0008346986141987145
-0.14296816289424896;0.587730884552002;0.0008346984977833927
-0.1504545956850052;0.567007839679718;0.0008346985559910536
-0.2566160559654236;0.5832520127296448;0.0008346987888216972
-0.2606964707374573;0.5664089918136597;0.0008346987888216972
-0.18742206692695618;0.3283059597015381;0.05908320099115372
-0.13665789365768433;0.3603496551513672;0.07006790488958359
-0.24497336149215698;0.3359776735305786;0.06163812428712845
-0.22033792734146118;-0.6495219469070435;0.1120532900094986
-0.22270752489566803;-0.6270493865013123;0.06083562225103378
-0.23630528151988983;-0.6029635667800903;-0.0008431769092567265
-0.10385119915008545;-0.6263779401779175;0.11304088681936264
-0.09511001408100128;-0.5983226895332336;-0.0008431769674643874
-0.10235963761806488;-0.601978063583374;0.07135569304227829
-0.2833866477012634;0.4179823398590088;0.0008346980321221054
-0.2701432406902313;0.3843618631362915;0.14163964986801147
-0.27564457058906555;0.3951528072357178;0.07130205631256104
-0.11858513951301575;0.4184267520904541;0.08689482510089874
-0.12188739329576492;0.40208879113197327;0.13343974947929382
-0.11794789880514145;0.4273184537887573;0.0008346977410838008
-1.3444828361741656e-08;0.8350350260734558;0.7071611881256104
0.09017343819141388;1.3175532817840576;0.6738563179969788
-1.2791133485734463e-08;1.3470991849899292;0.67697674036026
-0.08404245972633362;1.3203587532043457;0.6734036803245544
-1.498019841505993e-08;1.2646875381469727;0.6985124349594116
0.09551990032196045;1.262974739074707;0.6967822313308716
0.09017343819141388;1.262974739074707;0.6963874697685242
-0.09551993012428284;1.262974739074707;0.6967822313308716
-0.08404245972633362;1.262974739074707;0.6959348320960999
-1.498019841505993e-08;1.2639970779418945;0.6944878101348877
0.039605941623449326;-1.080613374710083;0.3275003731250763
-1.2791133485734463e-08;-1.1135356426239014;0.3426436483860016
0.027628323063254356;-1.103903889656067;0.3390561044216156
0.028363417834043503;-1.0573071241378784;0.3147766888141632
-1.2791133485734463e-08;-1.047637701034546;0.3081393539905548
0.037085551768541336;-1.4055395126342773;0.13826078176498413
-1.1175984582223464e-08;-1.4091349840164185;0.1732458472251892
0.02586951106786728;-1.4080705642700195;0.16303080320358276
0.026557862758636475;-1.4032039642333984;0.11333110928535461
-1.1175984582223464e-08;-1.4023441076278687;0.10290123522281647
0.030759751796722412;-1.459855318069458;0.14119172096252441
-1.1175984582223464e-08;-1.454754114151001;0.16963379085063934
0.021455151960253716;-1.4562114477157593;0.16127830743789673
0.022026196122169495;-1.4636754989624023;0.12107150256633759
-1.1175984582223464e-08;-1.465371012687683;0.11273837089538574
0.01622476615011692;-1.4784142971038818;0.14513584971427917
-1.1175984582223464e-08;-1.4756908416748047;0.16016905009746552
0.011312134563922882;-1.4764704704284668;0.15575207769870758
0.0116136334836483;-1.4804141521453857;0.13452181220054626
-1.1175984582223464e-08;-1.481281042098999;0.13013796508312225
-1.1175984582223464e-08;-1.4846138954162598;0.14672762155532837
0.037116456776857376;-1.1174426078796387;0.2742977738380432
0.037092454731464386;-1.1477985382080078;0.24497130513191223
-0.0011171400547027588;-1.1439499855041504;0.29612380266189575
-0.0002495497465133667;-1.1700327396392822;0.2694750428199768
0.02579885721206665;-1.1635842323303223;0.26308438181877136
0.025553209707140923;-1.136171817779541;0.2906155288219452
0.02626287005841732;-1.0987868309020996;0.25679898262023926
0.02649196982383728;-1.1318950653076172;0.22571499645709991
-0.0002495497465133667;-1.1251614093780518;0.21650367975234985
-0.0011171400547027588;-1.0910208225250244;0.2482457458972931
0.037085551768541336;-1.1865174770355225;0.21284697949886322
0.037085551768541336;-1.2220945358276367;0.19242405891418457
-1.1175867342672063e-08;-1.2044663429260254;0.2422236204147339
-1.1175839809141053e-08;-1.2376396656036377;0.2246321141719818
0.02586951106786728;-1.2331979274749756;0.21583853662014008
0.02586951106786728;-1.199296474456787;0.23438633978366852
0.026557862758636475;-1.1736178398132324;0.19020825624465942
0.026557862758636475;-1.2108097076416016;0.1680583357810974
-1.1175840697319472e-08;-1.2059414386749268;0.15697696805000305
-1.1175866454493644e-08;-1.1680986881256104;0.17967769503593445
0.037085551768541336;-1.2614259719848633;0.1740679293870926
0.037085551768541336;-1.2916820049285889;0.1614682525396347
-1.1175834480070534e-08;-1.2732737064361572;0.20902828872203827
-1.1175836256427374e-08;-1.303833246231079;0.19815579056739807
0.02586951106786728;-1.3004987239837646;0.18770857155323029
0.02586951106786728;-1.269946813583374;0.19941018521785736
0.026557862758636475;-1.2527015209197998;0.14781393110752106
0.026557862758636475;-1.2826604843139648;0.13484200835227966
-1.117584957910367e-08;-1.2787156105041504;0.12327392399311066
-1.1175835368248954e-08;-1.2488892078399658;0.13606299459934235
0.037085551768541336;-1.326841115951538;0.15065422654151917
0.037085551768541336;-1.3639382123947144;0.1427716761827469
-1.1175859349066286e-08;-1.3362691402435303;0.18616437911987305
-1.117596681865507e-08;-1.3693240880966187;0.17892064154148102
0.02586951106786728;-1.367830753326416;0.1684112399816513
0.02586951106786728;-1.3337278366088867;0.17614175379276276
0.026557862758636475;-1.3198215961456299;0.12458845227956772
0.026557862758636475;-1.3601211309432983;0.11696775257587433
-1.1175971259547168e-08;-1.3585377931594849;0.10609231889247894
-1.117590819887937e-08;-1.316781759262085;0.11335798352956772
0.05024588108062744;-0.9571856260299683;0.6873220801353455
0.048366729170084;-0.9686253070831299;0.6455098390579224
-1.2791129044842364e-08;-1.0044300556182861;0.6964497566223145
-1.2791108616738711e-08;-1.014186978340149;0.6555700302124023
0.03374320641160011;-1.0009732246398926;0.6533886790275574
0.035025037825107574;-0.990732729434967;0.6945080757141113
0.03601852431893349;-0.9234368205070496;0.6791107058525085
0.03463886305689812;-0.9360920786857605;0.636601448059082
-1.2791108616738711e-08;-0.9224297404289246;0.6316781044006348
-1.2791129044842364e-08;-0.9092614054679871;0.6744422316551208
0.04424276947975159;-0.9974524974822998;0.5499558448791504
0.043110087513923645;-1.0110950469970703;0.5097581148147583
-1.2791105064025032e-08;-1.0387157201766968;0.5592862367630005
-1.2791106840381872e-08;-1.050840139389038;0.5197463631629944
0.030073637142777443;-1.039292573928833;0.517616868019104
0.03086276352405548;-1.0267388820648193;0.5573405027389526
0.03168574720621109;-0.9680126905441284;0.541472315788269
0.03087371215224266;-0.9827630519866943;0.500821053981781
-1.2791106840381872e-08;-0.9708945155143738;0.4958401322364807
-1.2791105064025032e-08;-0.9556657075881958;0.53668612241745
0.043110087513923645;-1.041612148284912;0.4175542891025543
0.04226190224289894;-1.0584344863891602;0.37636297941207886
-1.2791132597556043e-08;-1.0806729793548584;0.42844516038894653
-1.2791133485734463e-08;-1.095916509628296;0.3868219554424286
0.029437793418765068;-1.085029125213623;0.38461145758628845
0.030073637142777443;-1.0693084001541138;0.4261191785335541
0.03087371215224266;-1.0138113498687744;0.40778642892837524
0.030306437984108925;-1.0316131114959717;0.36691316962242126
-1.2791133485734463e-08;-1.0203887224197388;0.3615834414958954
-1.2791131709377623e-08;-1.0021886825561523;0.40233924984931946
0.056614797562360764;-0.9223657846450806;0.8091481924057007
0.052192769944667816;-0.9376140832901001;0.7690293788909912
-1.2791133485734463e-08;-0.9853153228759766;0.786798894405365
0.036451831459999084;-0.971457839012146;0.7823114991188049
0.03990463539958;-0.9578213095664978;0.829247772693634
0.037324242293834686;-0.9035664200782776;0.7548418641090393
-1.2791133485734463e-08;-0.8892887234687805;0.7479313611984253
-1.2791133485734463e-08;-0.8807848691940308;0.7804431915283203
-0.039605963975191116;-1.080613374710083;0.3275003731250763
-0.027628349140286446;-1.103903889656067;0.3390561044216156
-0.028363443911075592;-1.0573071241378784;0.3147766888141632
-0.037085577845573425;-1.4055395126342773;0.13826078176498413
-0.02586953341960907;-1.4080705642700195;0.16303080320358276
-0.026557892560958862;-1.4032039642333984;0.11333110928535461
-0.0307597815990448;-1.459855318069458;0.14119172096252441
-0.021455179899930954;-1.4562114477157593;0.16127830743789673
-0.022026222199201584;-1.4636754989624023;0.12107150256633759
-0.01622479036450386;-1.4784142971038818;0.14513584971427917
-0.011312160640954971;-1.4764704704284668;0.15575207769870758
-0.01161365956068039;-1.4804141521453857;0.13452181220054626
-0.03935074061155319;-1.1174426078796387;0.2742977738380432
-0.03759155422449112;-1.1477985382080078;0.24497130513191223
-0.026297960430383682;-1.1635842323303223;0.26308438181877136
-0.02778749167919159;-1.136171817779541;0.2906155288219452
-0.028497159481048584;-1.0987868309020996;0.25679898262023926
-0.02699107676744461;-1.1318950653076172;0.22571499645709991
-0.037085577845573425;-1.1865174770355225;0.21284697949886322
-0.037085577845573425;-1.2220945358276367;0.19242405891418457
-0.02586953714489937;-1.2331979274749756;0.21583853662014008
-0.02586953714489937;-1.199296474456787;0.23438633978366852
-0.026557892560958862;-1.1736178398132324;0.19020825624465942
-0.026557892560958862;-1.2108097076416016;0.1680583357810974
-0.037085577845573425;-1.2614259719848633;0.1740679293870926
-0.037085577845573425;-1.2916820049285889;0.1614682525396347
-0.02586953714489937;-1.3004987239837646;0.18770857155323029
-0.02586953714489937;-1.269946813583374;0.19941018521785736
-0.026557892560958862;-1.2527015209197998;0.14781393110752106
-0.026557892560958862;-1.2826604843139648;0.13484200835227966
-0.037085577845573425;-1.326841115951538;0.15065422654151917
-0.037085577845573425;-1.3639382123947144;0.1427716761827469
-0.02586953341960907;-1.367830753326416;0.1684112399816513
-0.02586953341960907;-1.3337278366088867;0.17614175379276276
-0.026557892560958862;-1.3198215961456299;0.12458845227956772
-0.026557892560958862;-1.3601211309432983;0.11696775257587433
-0.05024590343236923;-0.9571856260299683;0.6873220801353455
-0.04836675152182579;-0.9686253070831299;0.6455098390579224
-0.033743228763341904;-1.0009732246398926;0.6533886790275574
-0.035025060176849365;-0.990732729434967;0.6945080757141113
-0.03601854667067528;-0.9234368205070496;0.6791107058525085
-0.03463888540863991;-0.9360920786857605;0.636601448059082
-0.04424279183149338;-0.9974524974822998;0.5499558448791504
-0.043110109865665436;-1.0110950469970703;0.5097581148147583
-0.030073663219809532;-1.039292573928833;0.517616868019104
-0.03086278960108757;-1.0267388820648193;0.5573405027389526
-0.03168576955795288;-0.9680126905441284;0.541472315788269
-0.03087373822927475;-0.9827630519866943;0.500821053981781
-0.043110109865665436;-1.041612148284912;0.4175542891025543
-0.04226192459464073;-1.0584344863891602;0.37636297941207886
-0.029437819495797157;-1.085029125213623;0.38461145758628845
-0.030073663219809532;-1.0693084001541138;0.4261191785335541
-0.03087373822927475;-1.0138113498687744;0.40778642892837524
-0.030306464061141014;-1.0316131114959717;0.36691316962242126
-0.05219279229640961;-0.9376140832901001;0.7690293788909912
-0.036451853811740875;-0.971457839012146;0.7823114991188049
-0.03990465775132179;-0.9578213095664978;0.829247772693634
-0.038193970918655396;-0.8925043940544128;0.7892107367515564
-0.03732426464557648;-0.9035664200782776;0.7548418641090393
-0.12452947348356247;1.174346685409546;0.95048588514328
-0.12562355399131775;1.1795494556427002;0.9855811595916748
-0.11403672397136688;1.1968936920166016;0.9861056804656982
-0.12320489436388016;1.1716115474700928;0.9690396189689636
-0.10494356602430344;1.1906371116638184;0.9650517702102661
-0.11299224942922592;1.1902885437011719;0.9430508613586426
-0.10827948898077011;1.2101624011993408;0.9437072277069092
-0.10885495692491531;1.2157466411590576;0.9788837432861328
-0.10262678563594818;1.2156810760498047;0.9609875679016113
-0.13222640752792358;1.1961026191711426;0.9332438707351685
-0.15935075283050537;1.2111201286315918;0.9623922109603882
-0.1556348204612732;1.186305046081543;0.9495401978492737
-0.16140703856945038;1.1862375736236572;0.9679216742515564
-0.14194640517234802;1.1756374835968018;0.9470531344413757
-0.13374818861484528;1.2054107189178467;0.9939568638801575
-0.14642661809921265;1.1697461605072021;0.9707260131835938
-0.1433706134557724;1.181938648223877;0.9899415969848633
-0.15693387389183044;1.1913971900939941;0.9845374226570129
-0.15240323543548584;1.21126389503479;0.9841711521148682
-0.12256947159767151;1.2194631099700928;0.9379663467407227
-0.1397963911294937;1.2218997478485107;0.9417266249656677
-0.1511048674583435;1.2047901153564453;0.9413206577301025
-0.11833491176366806;1.2321267127990723;0.9580399394035339
-0.140424907207489;1.2274503707885742;0.9767513275146484
-0.14155490696430206;1.230067491531372;0.9582768082618713
-0.12309099733829498;1.2263364791870117;0.9810166954994202
0.20186491310596466;0.07831358164548874;1.0368162393569946
0.1977413445711136;-0.10656409710645676;1.0428346395492554
0.22154393792152405;0.0948125496506691;0.8977989554405212
0.3643326461315155;0.5711681842803955;0.8096596002578735
0.11627255380153656;0.09310218691825867;0.5695527791976929
0.10889687389135361;-0.1246933564543724;0.6209003925323486
0.25247877836227417;0.22383655607700348;0.8998364806175232
0.24158577620983124;0.22688907384872437;1.0417441129684448
0.054844826459884644;-0.5962284803390503;0.677560031414032
0.20918715000152588;0.24140691757202148;0.6251218318939209
0.3330475091934204;0.3500172197818756;0.8748202323913574
0.2841636836528778;0.3544769585132599;1.136869192123413
0.19106586277484894;0.29774996638298035;0.554672360420227
0.31038564443588257;0.3356941342353821;0.622635543346405
0.28967970609664917;0.5162269473075867;1.1734251976013184
0.2580793797969818;0.7465110421180725;0.8897954821586609
0.23992764949798584;0.7089810371398926;1.1612411737442017
0.20644965767860413;0.8976014852523804;0.8198014497756958
0.20482124388217926;0.8432576060295105;1.1348520517349243
0.1920011341571808;0.6679569482803345;0.5446773767471313
0.35510551929473877;0.525240421295166;0.714144766330719
0.08398241549730301;0.7968629002571106;0.6880012154579163
0.27186286449432373;0.6299275159835815;0.569354772567749
0.23554936051368713;1.1084966659545898;1.0162028074264526
-1.251213532782458e-08;0.807115912437439;0.6564984917640686
-1.3686778821409007e-08;0.8732059597969055;0.7239846587181091
0.10894918441772461;0.8765119910240173;0.7507579326629639
0.2675492465496063;1.0599327087402344;0.9772417545318604
-1.4812995274837704e-08;0.966826856136322;0.6477503180503845
0.14232195913791656;0.9855384230613708;0.6834034323692322
0.21007071435451508;1.049579381942749;1.2152373790740967
0.2299736738204956;1.047456979751587;1.1904162168502808
0.23580946028232574;1.064922571182251;1.1922821998596191
0.21595612168312073;1.0671722888946533;1.2165876626968384
0.19400006532669067;1.0889310836791992;0.7347000241279602
0.2146347314119339;1.145089864730835;0.9625676870346069
0.12779758870601654;1.1117568016052246;0.6991696953773499
0.08731142431497574;1.182342529296875;0.6687285900115967
0.13191121816635132;1.3264005184173584;0.7742576599121094
0.11893631517887115;1.278791904449463;0.8646547198295593
0.09881657361984253;1.2469894886016846;0.6627141237258911
0.1491774618625641;1.3508615493774414;0.7377866506576538
0.11285600066184998;1.3610446453094482;0.6789629459381104
0.12298187613487244;1.3911106586456299;0.7273585200309753
0.16729353368282318;-0.2606000006198883;0.7306485176086426
0.0976804867386818;-0.2757808566093445;0.6801192760467529
0.208172008395195;-0.2928508222103119;1.0739279985427856
0.25013187527656555;-0.2465977668762207;0.9206811785697937
0.11550246179103851;-0.12184721231460571;1.155487298965454
-1.2791133485734463e-08;-0.12718825042247772;1.1996283531188965
-1.2791133485734463e-08;-0.2867105007171631;1.2259609699249268
0.12309947609901428;-0.281406044960022;1.1825960874557495
0.16574448347091675;-0.3417479991912842;0.7438642978668213
0.06041140481829643;-0.4425337016582489;0.7441814541816711
0.22656230628490448;-0.4246959388256073;1.0879337787628174
0.2806583046913147;-0.3776538372039795;0.9417556524276733
-1.2980057029210457e-08;-0.44545257091522217;1.2545640468597412
0.12752804160118103;-0.4445973038673401;1.2026697397232056
-1.3090795114578668e-08;-0.6095226407051086;1.2385145425796509
0.1194416880607605;-0.6064892411231995;1.1835232973098755
0.20829026401042938;-0.7271767258644104;1.0442214012145996
0.2639639377593994;-0.7110564112663269;0.9380804300308228
-1.2791161907443893e-08;-0.7492047548294067;1.164819598197937
0.1746438592672348;-0.7759324312210083;0.7721207141876221
0.2563437223434448;-0.7000215649604797;0.81644207239151
0.09707630425691605;-0.8333126306533813;0.8363067507743835
0.10454466193914413;-0.8547688722610474;0.9527944326400757
0.12089148163795471;-0.841549813747406;0.8863205909729004
-1.2791160131087054e-08;-0.8742724657058716;1.0475667715072632
0.0647619441151619;-0.8651196360588074;1.0289652347564697
0.07278095185756683;-0.8937361240386963;0.8739954233169556
-1.2791151249302857e-08;-0.9268843531608582;0.9689140319824219
0.03615691140294075;-0.9045543670654297;0.9734894037246704
0.20033378899097443;0.31569117307662964;0.41172346472740173
0.26205217838287354;0.3577328622341156;0.4237370193004608
0.0991295650601387;0.3371230661869049;0.5269283652305603
0.07569283246994019;0.49812769889831543;0.5395407676696777
0.1251259446144104;0.45179060101509094;0.40949547290802
0.13813824951648712;0.358614444732666;0.41437411308288574
0.24952657520771027;0.5495479702949524;0.4065943956375122
0.2079266458749771;0.5827726721763611;0.3968323767185211
0.3365709185600281;0.5144538283348083;0.6257482171058655
0.28465035557746887;0.47533950209617615;0.4296165704727173
0.19561122357845306;0.29921093583106995;0.29562148451805115
0.24831905961036682;0.32816603779792786;0.292822003364563
0.1368982046842575;0.414064884185791;0.3087864816188812
0.14507518708705902;0.34311458468437195;0.31452539563179016
0.2035503387451172;0.514807939529419;0.27577346563339233
0.16021037101745605;0.5402145981788635;0.3973168730735779
0.26596999168395996;0.4040684401988983;0.28625354170799255
0.2550833821296692;0.47449660301208496;0.27857041358947754
0.18214011192321777;-0.4037504494190216;0.5677184462547302
0.11273840814828873;-0.47951099276542664;0.5782560706138611
0.28523045778274536;-0.33990684151649475;0.8091437816619873
0.3215070366859436;-0.5377160310745239;0.7144770622253418
0.2949554920196533;-0.5571365356445312;0.5881965160369873
0.24483267962932587;-0.42633968591690063;0.5770565867424011
0.15757815539836884;-0.7542094588279724;0.5898010730743408
0.07066210359334946;-0.6244065761566162;0.5823119878768921
0.040916185826063156;-0.5760353207588196;0.7406699061393738
0.19561326503753662;-0.4942907392978668;0.42931050062179565
0.14124983549118042;-0.5437508821487427;0.4330499470233917
0.24250826239585876;-0.5113962888717651;0.4334045350551605
0.16874459385871887;-0.7475011348724365;0.4559851586818695
0.22922541201114655;-0.6882262229919434;0.452436238527298
0.09775650501251221;-0.6551345586776733;0.44471076130867004
0.11642559617757797;-0.7256820201873779;0.45095786452293396
0.10145286470651627;-0.7214738130569458;0.5878325700759888
0.18924599885940552;-0.5493940114974976;0.32024502754211426
0.14258010685443878;-0.5948574542999268;0.3292393982410431
0.24370010197162628;-0.638608455657959;0.35106927156448364
0.2286120504140854;-0.5700864791870117;0.32983797788619995
0.11111753433942795;-0.6791142225265503;0.35014787316322327
0.183952197432518;-0.5871388912200928;0.22965283691883087
0.1405854970216751;-0.6228437423706055;0.23448681831359863
0.2276400774717331;-0.6850107908248901;0.2532196044921875
0.21509788930416107;-0.6217021942138672;0.23706373572349548
0.1621517688035965;-0.7914082407951355;0.26867422461509705
0.19911369681358337;-0.7515226006507874;0.2630120515823364
0.10871478915214539;-0.6918454170227051;0.2495085597038269
0.12070287019014359;-0.7500589489936829;0.26179322600364685
0.18811652064323425;-0.10365059226751328;0.6764531135559082
0.1821289211511612;0.4913330078125;1.2586374282836914
0.14488589763641357;0.8734911680221558;1.1734763383865356
0.21889255940914154;1.0016531944274902;1.0995880365371704
0.20810039341449738;1.1088156700134277;1.068979024887085
0.13682149350643158;1.1813883781433105;0.9530456066131592
0.07893674075603485;1.2801940441131592;0.9455013275146484
0.22590045630931854;-0.24501845240592957;0.8194698691368103
1.7112107286720857e-09;0.49601781368255615;0.5135094523429871
1.2032339569145734e-09;0.6110578775405884;0.5183119773864746
0.10643583536148071;0.6260136365890503;0.528268039226532
-1.6890071563580022e-09;0.335594117641449;0.4999000132083893
0.10588837414979935;0.22737416625022888;0.5616836547851562
-5.387133406031808e-09;0.20429003238677979;0.5123715400695801
-8.85125395200248e-09;0.06707548350095749;0.5196546912193298
-1.2829242557188536e-08;-0.15338586270809174;0.5749915838241577
-1.6043463446635542e-08;-0.29799512028694153;0.6487417817115784
-1.824158957219879e-08;-0.4143933951854706;0.7141523361206055
-1.9832887332427163e-08;-0.5860666036605835;0.7388079762458801
0.0671423077583313;-0.7564452886581421;0.770216166973114
-1.646380809461334e-08;-0.7492563724517822;0.7778785228729248
-1.2791135262091302e-08;-0.86465984582901;0.8173460364341736
0.16810242831707;1.1205103397369385;1.1104726791381836
-1.2791133485734463e-08;1.226595163345337;1.1095877885818481
0.15247534215450287;1.0333571434020996;1.1734485626220703
-1.2791133485734463e-08;0.05220741033554077;1.2026267051696777
-1.2791133485734463e-08;0.19640818238258362;1.2191678285598755
-1.31076447473788e-08;0.3312493860721588;1.2650132179260254
-1.3527735376328565e-08;0.47947704792022705;1.2818189859390259
-1.3446971536268393e-08;0.7043763995170593;1.2372146844863892
-1.2791133485734463e-08;0.872748613357544;1.2111238241195679
-1.2791133485734463e-08;1.044558048248291;1.21467924118042
-1.2791133485734463e-08;1.2791922092437744;1.0386288166046143
-1.2791133485734463e-08;1.3188652992248535;0.9756575226783752
-1.2791133485734463e-08;1.4202022552490234;0.8370322585105896
-1.2791133485734463e-08;1.4274463653564453;0.7754213809967041
0.3222573399543762;0.34369269013404846;0.7420815229415894
0.22267089784145355;-0.09186079353094101;0.7901301383972168
0.23494820296764374;0.0982469990849495;0.7722949981689453
0.24732814729213715;0.24510496854782104;0.766684889793396
0.2540663182735443;0.7151203155517578;0.7612754702568054
0.18116644024848938;-0.7660928964614868;0.6969247460365295
0.0667402595281601;-0.6960703730583191;0.6841393113136292
0.22923336923122406;-0.7068470120429993;0.7137852311134338
0.0866224467754364;-0.4611332416534424;0.6715837717056274
0.1829805225133896;-0.36723706126213074;0.6539590358734131
0.11087866127490997;-0.7549143433570862;0.688665509223938
0.32611364126205444;-0.5409364104270935;0.8210647702217102
0.04188719391822815;-0.6625844240188599;0.7535196542739868
-1.8359109787979833e-08;-0.6700867414474487;0.7517018914222717
0.08130083978176117;-0.8143344521522522;0.788422703742981
-1.4490856514726147e-08;-0.8138740658760071;0.7946302890777588
0.16938604414463043;0.7772074937820435;0.7271412014961243
0.11776924133300781;0.35256630182266235;0.4735792875289917
0.1001746878027916;0.47208404541015625;0.4682430624961853
0.20081499218940735;0.6210492253303528;0.4692062437534332
0.26181352138519287;0.5897903442382812;0.48217475414276123
0.1343604028224945;0.5746468901634216;0.46426352858543396
0.19588817656040192;0.3119128346443176;0.4834407567977905
0.3101963996887207;0.49546217918395996;0.5101901292800903
0.10772188752889633;0.8252350091934204;0.7554392218589783
0.26184287667274475;0.7250404953956604;1.0463330745697021
0.32934558391571045;0.5698314905166626;1.055254340171814
0.21912410855293274;0.8605993986129761;1.0131367444992065
0.1825254261493683;0.7118915915489197;0.6283338069915771
0.11411664634943008;0.6956052780151367;0.603471040725708
-2.90191337626311e-09;0.683484673500061;0.6150191426277161
0.17249780893325806;1.2303321361541748;0.8622260689735413
0.27734237909317017;1.0660343170166016;0.8657938241958618
0.2428281605243683;1.1319730281829834;0.8375805020332336
0.10919307172298431;1.231200933456421;1.0152926445007324
0.0993117168545723;1.247642993927002;1.0291019678115845
0.1424356997013092;1.1340625286102295;1.1525822877883911
0.06820753961801529;1.2971434593200684;0.9643027186393738
0.12550385296344757;1.201267957687378;1.0852882862091064
-1.2791133485734463e-08;1.40297269821167;0.7412490844726562
0.18742458522319794;1.17402982711792;0.9419896602630615
0.1815943568944931;1.1888630390167236;0.980005145072937
0.09727013111114502;1.2556703090667725;0.9534022212028503
0.14272090792655945;1.2327182292938232;0.9837003946304321
0.10158517956733704;1.2729363441467285;0.912745475769043
-1.2791133485734463e-08;1.093212604522705;0.6622574329376221
-1.2791133485734463e-08;1.1507608890533447;0.6456136107444763
-1.2791133485734463e-08;1.2354453802108765;0.6327956318855286
-1.2791133485734463e-08;1.3927555084228516;0.6925280094146729
-1.2791133485734463e-08;1.4069206714630127;0.7226400971412659
-1.2791133485734463e-08;1.1746792793273926;1.165095567703247
-1.2791133485734463e-08;1.3911819458007812;0.8743398785591125
-1.2791133485734463e-08;1.4299674034118652;0.7965863347053528
0.07808595150709152;1.365863561630249;0.7931063771247864
0.10402726382017136;1.3483302593231201;0.8101041913032532
0.07498250901699066;1.3854622840881348;0.8123863935470581
0.09699665755033493;1.360140085220337;0.8303759694099426
0.07465533167123795;1.378908634185791;0.868625819683075
0.06874623894691467;1.403475284576416;0.8298615217208862
0.15066444873809814;1.2703251838684082;0.7301647663116455
0.09551990032196045;1.3151066303253174;0.6742510795593262
-1.2791133485734463e-08;1.3496112823486328;0.6732682585716248
-1.2791133485734463e-08;1.325798749923706;0.6232789754867554
0.06335410475730896;1.3172099590301514;0.645766019821167
-1.2791133485734463e-08;1.3501981496810913;0.661672055721283
0.21513329446315765;1.1524200439453125;1.037801742553711
0.13908357918262482;1.1782231330871582;1.059934377670288
0.17752064764499664;1.1970970630645752;0.9187045097351074
0.24682848155498505;1.137688398361206;0.9018696546554565
0.13956156373023987;1.109065294265747;1.1716668605804443
-1.2791133485734463e-08;1.1112570762634277;1.1987820863723755
0.23207606375217438;0.9670137166976929;0.7620024085044861
0.27467480301856995;0.9881742596626282;0.9006142020225525
0.27882272005081177;1.0212299823760986;0.8081493973731995
0.0774885043501854;1.2322602272033691;1.0662486553192139
-1.2791133485734463e-08;1.2672443389892578;1.0652412176132202
0.23608368635177612;1.0724401473999023;0.7756965160369873
0.13075460493564606;1.1568641662597656;0.7039892673492432
0.18114051222801208;1.1362993717193604;0.7323966026306152
0.14249680936336517;1.229182481765747;0.7193121910095215
0.17491182684898376;1.2054028511047363;0.7988229990005493
0.22385774552822113;0.8081598877906799;0.8654584884643555
0.061237141489982605;1.38399076461792;0.6818628311157227
0.0657024011015892;1.4079341888427734;0.7228236794471741
0.14919842779636383;-0.7940787672996521;0.8335468173027039
0.32520565390586853;0.5929237604141235;0.920546293258667
0.2954867482185364;0.6819857954978943;0.9052904844284058
0.28268662095069885;0.6509886384010315;1.0592472553253174
0.2499653846025467;0.7021307945251465;1.1159169673919678
0.16531328856945038;0.7393800616264343;1.2047576904296875
0.15544049441814423;0.7981386184692383;1.1915563344955444
0.23791147768497467;0.33111372590065;0.49492698907852173
0.28469860553741455;0.3805510997772217;0.5067570805549622
0.3239484429359436;0.5106327533721924;0.5583245754241943
0.3240864872932434;0.42885851860046387;0.6132670044898987
0.29041585326194763;0.6429444551467896;0.6805782914161682
0.32625722885131836;0.5885018706321716;0.6987324953079224
0.26938706636428833;0.4060528874397278;0.4213155210018158
0.21236035227775574;0.9221230149269104;1.1059383153915405
0.14834700524806976;0.9540459513664246;1.171870231628418
0.27731889486312866;0.465911328792572;0.397731214761734
0.17591595649719238;0.5634104013442993;1.2480231523513794
0.17495779693126678;0.6336154341697693;1.2336225509643555
-1.3907503593202364e-08;0.5945638418197632;1.2697221040725708
-1.2806861349190513e-08;0.7892767190933228;1.2197669744491577
0.2477542757987976;0.5275067090988159;0.3633200526237488
0.2355293184518814;0.15107151865959167;0.8981739282608032
0.2282576560974121;0.2427000105381012;0.6938325762748718
0.2415720671415329;0.17624139785766602;0.7677701711654663
0.26343291997909546;0.2963654696941376;0.6242815852165222
-1.3383620434126442e-08;0.42234769463539124;1.2771692276000977
0.294037789106369;0.29586848616600037;0.9059215188026428
0.2628042697906494;0.29101884365081787;1.0904568433761597
0.16239701211452484;0.4843674302101135;0.29863861203193665
0.16333259642124176;0.5065097808837891;0.33567965030670166
0.3227372467517853;0.4917401671409607;1.0780521631240845
0.20936311781406403;0.5492634773254395;0.3364248275756836
0.2804702818393707;0.4121737480163574;1.1647733449935913
0.3447340130805969;0.43294453620910645;0.8820104598999023
0.35908183455467224;0.48457103967666626;0.8683764934539795
0.32294490933418274;0.3933860957622528;1.0193378925323486
0.30012306571006775;0.36234867572784424;1.0654139518737793
0.2566458284854889;0.25534260272979736;1.0004048347473145
0.2722648084163666;0.627089262008667;1.1443109512329102
0.19831344485282898;0.294607937335968;1.188672423362732
0.2147045135498047;0.423525869846344;1.2311166524887085
0.15754097700119019;0.36327245831489563;1.2444509267807007
0.30301764607429504;0.42979201674461365;1.086650013923645
0.22918587923049927;-0.4533904790878296;1.088200330734253
0.23276512324810028;-0.4925379157066345;1.0885637998580933
0.309961199760437;-0.4608674645423889;0.8196642994880676
0.2958264946937561;-0.39433395862579346;0.8041744828224182
0.29790741205215454;-0.4609144330024719;0.9504335522651672
0.29751336574554443;-0.4713350832462311;0.6965595483779907
0.26046276092529297;-0.6302529573440552;0.592059314250946
0.3081552982330322;-0.5364438891410828;0.6518896818161011
0.0680093988776207;-0.317603200674057;0.6913009881973267
0.16643543541431427;-0.3054455518722534;0.7383657097816467
0.2612113356590271;-0.3070693612098694;0.8147377967834473
0.24115212261676788;-0.2693192958831787;0.8170915246009827
0.2570796012878418;-0.27611789107322693;0.92641282081604
0.26905983686447144;-0.33174774050712585;0.9466333389282227
-1.1115429465746729e-08;-0.04143921285867691;0.5369667410850525
0.1125846579670906;-0.014053707011044025;0.5873084664344788
0.22640864551067352;-0.034720391035079956;0.780191957950592
0.22973977029323578;0.016683820635080338;0.7757114171981812
0.23240432143211365;0.05821406468749046;0.7733994126319885
0.1166355088353157;-0.06746415793895721;1.1560407876968384
0.11780714988708496;-0.011262192390859127;1.1568002700805664
0.11892259120941162;0.042276740074157715;1.1579258441925049
0.11804231256246567;-0.17517659068107605;1.1653697490692139
0.11976166069507599;-0.21129277348518372;1.1715898513793945
-1.2791133485734463e-08;-0.244029700756073;1.2189745903015137
0.1221066564321518;0.07272779941558838;1.1594345569610596
0.136605903506279;0.14354778826236725;1.1654398441314697
0.14528512954711914;0.18599717319011688;1.1694666147232056
0.12258203327655792;-0.31647247076034546;1.1874984502792358
0.1260330080986023;-0.3895058035850525;1.1958932876586914
0.04080771282315254;0.05457732826471329;1.1875741481781006
0.1740172803401947;-0.209951713681221;0.7133875489234924
0.17989958822727203;-0.16568297147750854;0.6979214549064636
0.23727738857269287;0.1255081295967102;0.7702562212944031
0.21288669109344482;0.11933518946170807;1.0373305082321167
0.22901509702205658;0.1796625405550003;1.0393245220184326
0.20366457104682922;0.12871477007865906;0.6297386288642883
0.20551271736621857;0.16608169674873352;0.6273409724235535
0.22780603170394897;0.1199323907494545;0.8977509140968323
-1.2791133485734463e-08;-0.008265942335128784;1.2015103101730347
0.20187000930309296;-0.1569625288248062;1.0486294031143188
0.2092488706111908;-0.23378558456897736;1.0574212074279785
-1.2791133485734463e-08;0.13872060179710388;1.212364673614502
0.218796506524086;-0.3470814824104309;1.0748652219772339
0.23597435653209686;-0.18567001819610596;0.9150243997573853
0.10421758145093918;-0.18777069449424744;0.6460548639297485
0.20017868280410767;0.0024402460549026728;1.03799569606781
0.19859738647937775;-0.06833246350288391;1.0408307313919067
0.21596737205982208;-0.07470165193080902;0.9039866924285889
0.21712900698184967;-0.039720430970191956;0.9008031487464905
0.21856491267681122;0.003726550843566656;0.8987570405006409
0.21946798264980316;0.031192529946565628;0.8979830145835876
0.2002602517604828;0.07155550271272659;0.6355461478233337
0.1965925097465515;0.017815615981817245;0.6436200141906738
0.1897883415222168;-0.07992212474346161;0.6678673028945923
-1.2791133485734463e-08;-0.3660815358161926;1.240262508392334
0.22795788943767548;-0.21689575910568237;0.9823642373085022
0.15704376995563507;-0.2249504178762436;1.1324907541275024
0.1594262421131134;0.08683039993047714;1.1074808835983276
0.22256329655647278;0.1582064926624298;0.6957574486732483
0.15192236006259918;0.03110220655798912;1.1088935136795044
0.20570622384548187;0.22059178352355957;1.0930759906768799
0.15600480139255524;0.2314782738685608;1.184107780456543
0.1661807894706726;0.2687835991382599;1.205273985862732
-1.2791133485734463e-08;0.2735811769962311;1.2458146810531616
0.226606547832489;-0.7303587198257446;0.8231883645057678
0.18443292379379272;-0.7631481289863586;0.8280202150344849
0.15641747415065765;-0.7909728288650513;0.9982922077178955
0.23129533231258392;-0.7408528327941895;0.9263659715652466
0.19245712459087372;-0.7762763500213623;0.9123507142066956
0.07912624627351761;-0.8698803186416626;0.9378873705863953
0.2075805366039276;-0.7181999683380127;0.34250497817993164
0.24829721450805664;-0.6750333309173584;0.6357443928718567
0.16641898453235626;-0.7654739618301392;0.3560646176338196
0.12698927521705627;-0.7319798469543457;0.3937804400920868
0.2905815839767456;-0.6518672704696655;0.9502995014190674
0.2214023470878601;-0.6696268320083618;1.0622233152389526
0.2726345658302307;-0.6394241452217102;0.6980013847351074
0.28784292936325073;-0.6281991004943848;0.8184605240821838
0.09310536831617355;-0.7923004031181335;1.0758661031723022
0.12970326840877533;-0.7409981489181519;0.34372133016586304
0.18716178834438324;-0.7393196821212769;0.5894728302955627
0.21855171024799347;-0.7103340029716492;0.5915625691413879
0.16779159009456635;-0.7546340227127075;0.40307727456092834
0.15485377609729767;-0.7359145283699036;1.0840673446655273
0.21822209656238556;-0.7005215883255005;0.4069187641143799
0.2783908247947693;-0.5950427651405334;0.5104464888572693
0.2676733732223511;-0.5955469608306885;0.46152329444885254
0.19173036515712738;-0.46792227029800415;0.4705214202404022
0.10236848145723343;-0.6634119749069214;0.4122655987739563
0.24168409407138824;-0.46074530482292175;0.5182828307151794
0.26989465951919556;-0.49118855595588684;0.5843757390975952
0.3083460330963135;-0.5983341336250305;0.9596921801567078
0.24460554122924805;-0.38058599829673767;0.6790099143981934
0.3029036521911621;-0.5416821837425232;0.9765747785568237
0.25419890880584717;-0.40509968996047974;0.6331833004951477
0.24823829531669617;-0.41863369941711426;0.5974132418632507
0.31390732526779175;-0.5941089987754822;0.9104940891265869
0.318017840385437;-0.5380839109420776;0.8674010038375854
0.2774302363395691;-0.3557860255241394;0.7653846144676208
0.32756006717681885;-0.5660717487335205;0.7437623143196106
0.23325714468955994;-0.617595374584198;1.0785948038101196
0.30294567346572876;-0.5937626957893372;0.8195755481719971
0.20166043937206268;-0.35919666290283203;0.7151067852973938
0.31353437900543213;-0.5161949992179871;0.913741946220398
0.23715339601039886;-0.5442355275154114;1.0899128913879395
-1.2859344700189013e-08;-0.6787624955177307;1.2090500593185425
0.11421403288841248;-0.673351526260376;1.1646442413330078
0.11405973881483078;-0.7216694951057434;1.1322803497314453
-1.3129310083570545e-08;-0.484943687915802;1.2507010698318481
-1.3295180956163222e-08;-0.5586995482444763;1.2434861660003662
0.12475063651800156;-0.5002017021179199;1.1960935592651367
0.12192454189062119;-0.5448142886161804;1.191233515739441
0.18842117488384247;-0.5536384582519531;1.1433838605880737
0.07449247688055038;-0.5408163070678711;1.2198340892791748
0.18239663541316986;-0.65766441822052;1.109458327293396
0.2248390167951584;-0.19467660784721375;0.8099012970924377
0.22400641441345215;-0.1552397608757019;0.8021988272666931
0.22647452354431152;-0.14489293098449707;0.9109944701194763
0.23452970385551453;-0.6831950545310974;0.5598475933074951
0.2324889600276947;-0.6830497980117798;0.49990856647491455
0.2599559426307678;-0.6276018023490906;0.5273892283439636
0.20072278380393982;-0.7208878397941589;0.48652663826942444
0.36176544427871704;0.5303295254707336;0.8397486209869385
0.3473747968673706;0.47896215319633484;0.7216792106628418
0.3381471633911133;0.42658036947250366;0.7291491627693176
0.285938024520874;0.295680969953537;0.7534985542297363
0.24372293055057526;0.6850583553314209;0.6611737608909607
0.26874589920043945;0.6901056170463562;0.7334583401679993
0.16348956525325775;0.7380938529968262;0.6457865238189697
0.2143094539642334;0.7160226106643677;0.6882006525993347
0.21748797595500946;0.7624445557594299;0.7992756366729736
0.13034451007843018;0.7858500480651855;0.7122674584388733
0.13257244229316711;0.8029205203056335;0.7411622405052185
0.1429436206817627;0.7594569325447083;0.6725978851318359
0.03554669767618179;-0.870383083820343;0.8256034851074219
-1.2791161907443893e-08;-0.8224950432777405;1.1046797037124634
-1.2791133485734463e-08;-0.9733164310455322;0.8368021845817566
0.038193948566913605;-0.8925043940544128;0.7892107367515564
0.038031309843063354;-0.9364529848098755;0.898016631603241
-1.2791137038448142e-08;-0.9538497924804688;0.9041987061500549
0.12452944368124008;1.174346685409546;0.95048588514328
0.12562352418899536;1.1795494556427002;0.9855811595916748
0.1140366941690445;1.1968936920166016;0.9861056804656982
0.12320486456155777;1.1716115474700928;0.9690396189689636
0.10494353622198105;1.1906371116638184;0.9650517702102661
0.11299221962690353;1.1902885437011719;0.9430508613586426
0.10827945917844772;1.2101624011993408;0.9437072277069092
0.10885492712259293;1.2157466411590576;0.9788837432861328
0.1026267558336258;1.2156810760498047;0.9609875679016113
0.1322263777256012;1.1961026191711426;0.9332438707351685
0.15935072302818298;1.2111201286315918;0.9623922109603882
0.1556347906589508;1.186305046081543;0.9495401978492737
0.161407008767128;1.1862375736236572;0.9679216742515564
0.14194637537002563;1.1756374835968018;0.9470531344413757
0.1337481588125229;1.2054107189178467;0.9939568638801575
0.14642658829689026;1.1697461605072021;0.9707260131835938
0.14337058365345;1.181938648223877;0.9899415969848633
0.15693384408950806;1.1913971900939941;0.9845374226570129
0.15240320563316345;1.21126389503479;0.9841711521148682
0.12256944179534912;1.2194631099700928;0.9379663467407227
0.13979636132717133;1.2218997478485107;0.9417266249656677
0.15110483765602112;1.2047901153564453;0.9413206577301025
0.11833488196134567;1.2321267127990723;0.9580399394035339
0.14042487740516663;1.2274503707885742;0.9767513275146484
0.14155487716197968;1.230067491531372;0.9582768082618713
0.1230909675359726;1.2263364791870117;0.9810166954994202
-1.2791133485734463e-08;0.9337389469146729;1.215327501296997
0.16501612961292267;1.1675701141357422;1.055454969406128
0.19526168704032898;1.1775293350219727;1.0062179565429688
-1.2791133485734463e-08;1.0021634101867676;1.2150033712387085
0.11772799491882324;-0.5924125909805298;0.12685580551624298
0.16344158351421356;-0.7037680149078369;0.09267475455999374
0.08766518533229828;-0.5553305149078369;0.0705147385597229
0.16372457146644592;-0.67699134349823;-0.0008431677124463022
0.20986101031303406;-0.6851469278335571;0.09993082284927368
0.20977722108364105;-0.6652008295059204;-0.0008431680616922677
0.10977636277675629;-0.5569131970405579;0.09020697325468063
0.11478285491466522;-0.6481109857559204;-0.0008431750466115773
0.1063685268163681;-0.6701016426086426;0.099105603992939
0.1637762039899826;-0.542011022567749;0.10078029334545135
0.23513303697109222;-0.5713042616844177;0.08549564331769943
0.1672421097755432;-0.5164527297019958;0.08826213330030441
0.16854263842105865;-0.5624163746833801;-0.0008431802853010595
0.12810678780078888;-0.5522563457489014;-0.0008431802853010595
0.20321525633335114;-0.5734037756919861;-0.000843179237563163
0.2520277798175812;-0.5370293855667114;0.0650702565908432
0.1322232335805893;-0.5142558813095093;0.07795415818691254
0.1691523939371109;-0.5009550452232361;-0.0008431802853010595
0.20812217891216278;-0.5246152281761169;0.07548867166042328
0.16233235597610474;-0.575946569442749;0.13536076247692108
0.21352656185626984;-0.6039338111877441;0.12739740312099457
0.08840020000934601;-0.5561426877975464;-0.0008431791211478412
0.13057450950145721;-0.5021899342536926;-0.0008431802853010595
0.25269296765327454;-0.5385631918907166;-0.0008431794121861458
0.21021603047847748;-0.516261637210846;-0.0008431802853010595
0.07903797924518585;-0.4890725910663605;-0.0008431797032244503
0.08598311245441437;-0.46168121695518494;-0.0008431798196397722
0.08709745109081268;-0.4598187506198883;0.03593122586607933
0.08085374534130096;-0.48428621888160706;0.06317509710788727
0.21428699791431427;-0.451031357049942;0.032658278942108154
0.21961824595928192;-0.46745625138282776;0.06158395856618881
0.11878874897956848;-0.471755713224411;0.0646708607673645
0.11304663121700287;-0.4531218707561493;0.035984039306640625
0.22499866783618927;-0.4891056716442108;0.05440450459718704
0.23320220410823822;-0.4814842641353607;0.03148830309510231
0.1956896036863327;-0.44243165850639343;0.033516302704811096
0.18273355066776276;-0.4530395567417145;0.06977774947881699
0.13113731145858765;-0.46190324425697327;-0.0008431802853010595
0.13752701878547668;-0.44791534543037415;-0.0008431802853010595
0.16181160509586334;-0.4471767842769623;-0.0008431802853010595
0.16956044733524323;-0.46172645688056946;-0.0008431802853010595
0.1683172881603241;-0.45056310296058655;0.06813807040452957
0.16227813065052032;-0.4364455044269562;0.033146269619464874
0.25244733691215515;-0.49126914143562317;0.030680622905492783
0.25733262300491333;-0.5087742209434509;0.051676079630851746
0.1367362141609192;-0.43846508860588074;0.0317859873175621
0.12727206945419312;-0.45515313744544983;0.06302941590547562
0.1803090125322342;-0.46585068106651306;-0.0008431802853010595
0.19402165710926056;-0.4538591206073761;-0.0008431802853010595
0.2516993582248688;-0.4920754134654999;-0.0008431797032244503
0.2579822540283203;-0.508758544921875;-0.0008431795286014676
0.22019417583942413;-0.49211469292640686;-0.0008431801688857377
0.23141862452030182;-0.48119208216667175;-0.000843179936055094
0.11657816171646118;-0.458228200674057;-0.0008431801106780767
0.12296141684055328;-0.47589758038520813;-0.0008431802853010595
0.21347947418689728;-0.4620470702648163;-0.0008431802853010595
0.21695862710475922;-0.4764081537723541;-0.0008431802853010595
0.16346006095409393;-0.6877851486206055;0.05110110715031624
0.11252664029598236;-0.6566480398178101;0.062350571155548096
0.2086237221956253;-0.6702120304107666;0.05409960821270943
0.13846541941165924;0.44553008675575256;0.14076019823551178
0.1829914152622223;0.3138253688812256;0.13115397095680237
0.10905840247869492;0.47384727001190186;0.08605054765939713
0.19162870943546295;0.34572362899780273;0.0008346939575858414
0.24470609426498413;0.32639041543006897;0.1351683884859085
0.25552263855934143;0.3502339720726013;0.0008346940157935023
0.13499082624912262;0.4719911217689514;0.10914601385593414
0.1378832757472992;0.3688719868659973;0.0008346941904164851
0.13299885392189026;0.3502691984176636;0.130526602268219
0.19832299649715424;0.4894685745239258;0.12154662609100342
0.28130361437797546;0.4459332227706909;0.09753800928592682
0.20238791406154633;0.5194438099861145;0.1068650633096695
0.20391318202018738;0.46553677320480347;0.000834696926176548
0.15648917853832245;0.47745269536972046;0.0008346965769305825
0.24457794427871704;0.45265060663223267;0.0008346965769305825
0.3018262982368469;0.49531108140945435;0.07966513931751251
0.16131700575351715;0.5220203399658203;0.09477566182613373
0.20462825894355774;0.537619948387146;0.000834696926176548
0.25033289194107056;0.5098707675933838;0.09188409149646759
0.19690899550914764;0.4715525507926941;0.1469147503376007
0.2687967121601105;0.4444032907485962;0.1475711166858673
0.1099204272031784;0.472894549369812;0.000834696285892278
0.15938334167003632;0.5361716151237488;0.0008346966351382434
0.302606463432312;0.49351227283477783;0.0008346965769305825
0.25278860330581665;0.5196680426597595;0.000834696926176548
0.09894022345542908;0.5515559911727905;0.0008346964023075998
0.10708561539649963;0.5836811661720276;0.0008346964605152607
0.10839256644248962;0.5858654379844666;0.045490287244319916
0.10106977820396423;0.5571694374084473;0.077442467212677
0.25756311416625977;0.5961714386940002;0.04165169596672058
0.263815701007843;0.5769081115722656;0.07557634264230728
0.14556077122688293;0.5718655586242676;0.07919672131538391
0.13882631063461304;0.5937196612358093;0.04555221647024155
0.2701259255409241;0.5515172481536865;0.06715613603591919
0.27974724769592285;0.5604556798934937;0.04027952253818512
0.2357516884803772;0.606257438659668;0.0426580086350441
0.2205565869808197;0.5938162207603455;0.0851861983537674
0.16004341840744019;0.5834206938743591;0.000834696926176548
0.1675374060869217;0.5998260974884033;0.000834696926176548
0.19601885974407196;0.6006922721862793;0.000834696926176548
0.20510688424110413;0.5836281180381775;0.000834696926176548
0.2036488652229309;0.5967206954956055;0.08326313644647598
0.19656601548194885;0.6132781505584717;0.04222402721643448
0.3023183345794678;0.5489798784255981;0.03933224827051163
0.308047890663147;0.5284494757652283;0.06395617127418518
0.16660994291305542;0.6109095215797424;0.04062865674495697
0.15551018714904785;0.5913375020027161;0.07727160304784775
0.21771299839019775;0.578791081905365;0.000834696926176548
0.23379552364349365;0.5928550958633423;0.000834696926176548
0.30144113302230835;0.5480342507362366;0.0008346966351382434
0.3088098168373108;0.5284678339958191;0.0008346965769305825
0.26449114084243774;0.5479879379272461;0.0008346967515535653
0.2776554822921753;0.5607982873916626;0.0008346966351382434
0.14296813309192657;0.587730884552002;0.0008346965187229216
0.1504545658826828;0.567007839679718;0.0008346965187229216
0.2566160559654236;0.5832520127296448;0.000834696926176548
0.2606964707374573;0.5664089918136597;0.000834696926176548
0.1874220371246338;0.3283059597015381;0.05908319726586342
0.13665786385536194;0.3603496551513672;0.07006789743900299
0.2449733316898346;0.3359776735305786;0.06163812056183815
0.2203378975391388;-0.6495219469070435;0.1120532900094986
0.22270749509334564;-0.6270493865013123;0.06083562225103378
0.23630525171756744;-0.6029635667800903;-0.000843177258502692
0.10385116934776306;-0.6263779401779175;0.11304088681936264
0.0951099842786789;-0.5983226895332336;-0.0008431773167103529
0.10235960781574249;-0.601978063583374;0.07135569304227829
0.2833866477012634;0.4179823398590088;0.0008346957620233297
0.2701432406902313;0.3843618631362915;0.14163964986801147
0.27564457058906555;0.3951528072357178;0.07130205631256104
0.11858510971069336;0.4184267520904541;0.08689482510089874
0.12188736349344254;0.40208879113197327;0.13343973457813263
0.11794786900281906;0.4273184537887573;0.0008346953545697033
-0.20186494290828705;0.07831358164548874;1.0368162393569946
-0.19774137437343597;-0.10656409710645676;1.0428346395492554
-0.22154396772384644;0.0948125496506691;0.8977989554405212
-0.3643326759338379;0.5711681842803955;0.8096596002578735
-0.11627257615327835;0.09310218691825867;0.5695527791976929
-0.108896903693676;-0.1246933564543724;0.6209003925323486
-0.25247877836227417;0.22383655607700348;0.8998364806175232
-0.24158580601215363;0.22688907384872437;1.0417441129684448
-0.05484486371278763;-0.5962284803390503;0.677560031414032
-0.20918716490268707;0.24140691757202148;0.6251218318939209
-0.3330475091934204;0.3500172197818756;0.8748202323913574
-0.2841637134552002;0.3544769585132599;1.136869192123413
-0.19106587767601013;0.29774996638298035;0.554672360420227
-0.31038564443588257;0.3356941342353821;0.622635543346405
-0.28967970609664917;0.5162269473075867;1.1734251976013184
-0.2580794095993042;0.7465110421180725;0.8897954821586609
-0.23992769420146942;0.7089810371398926;1.1612411737442017
-0.2064496874809265;0.8976014852523804;0.8198014497756958
-0.20482127368450165;0.8432576060295105;1.1348520517349243
-0.19200114905834198;0.6679569482803345;0.5446773767471313
-0.35510554909706116;0.525240421295166;0.714144766330719
-0.0839824452996254;0.7968629002571106;0.6880012154579163
-0.27186286449432373;0.6299275159835815;0.569354772567749
-0.23554939031600952;1.1084966659545898;1.0162028074264526
-0.108949214220047;0.8765119910240173;0.7507579326629639
-0.2675492465496063;1.0599327087402344;0.9772417545318604
-0.14232198894023895;0.9855384230613708;0.6834034323692322
-0.21007074415683746;1.049579381942749;1.2152373790740967
-0.229973703622818;1.047456979751587;1.1904162168502808
-0.23580949008464813;1.064922571182251;1.1922821998596191
-0.21595615148544312;1.0671722888946533;1.2165876626968384
-0.19400009512901306;1.0889310836791992;0.7347000241279602
-0.2146347612142563;1.145089864730835;0.9625676870346069
-0.12779761850833893;1.1117568016052246;0.6991696953773499
-0.08731145411729813;1.182342529296875;0.6687285900115967
-0.1319112479686737;1.3264005184173584;0.7742576599121094
-0.11893634498119354;1.278791904449463;0.8646547198295593
-0.09881660342216492;1.2469894886016846;0.6627141237258911
-0.14917749166488647;1.3508615493774414;0.7377866506576538
-0.11285603046417236;1.3610446453094482;0.6789629459381104
-0.12298190593719482;1.3911106586456299;0.7273585200309753
-0.16729356348514557;-0.2606000006198883;0.7306485176086426
-0.09768052399158478;-0.2757808566093445;0.6801192760467529
-0.2081720381975174;-0.2928508222103119;1.0739279985427856
-0.25013187527656555;-0.2465977668762207;0.9206811785697937
-0.1155024915933609;-0.12184721231460571;1.155487298965454
-0.12309950590133667;-0.281406044960022;1.1825960874557495
-0.16574452817440033;-0.3417479991912842;0.7438642978668213
-0.06041144207119942;-0.4425337016582489;0.7441814541816711
-0.22656235098838806;-0.4246959388256073;1.0879337787628174
-0.2806583344936371;-0.3776538372039795;0.9417556524276733
-0.12752807140350342;-0.4445973038673401;1.2026697397232056
-0.11944172531366348;-0.6064892411231995;1.1835232973098755
-0.20829030871391296;-0.7271767258644104;1.0442214012145996
-0.2639639675617218;-0.7110564112663269;0.9380804300308228
-0.17464390397071838;-0.7759324312210083;0.7721207141876221
-0.2563437521457672;-0.7000215649604797;0.81644207239151
-0.09707633405923843;-0.8333126306533813;0.8363067507743835
-0.10454469174146652;-0.8547688722610474;0.9527944326400757
-0.1208915114402771;-0.841549813747406;0.8863205909729004
-0.06476197391748428;-0.8651196360588074;1.0289652347564697
-0.07278098165988922;-0.8937361240386963;0.8739954233169556
-0.03615693375468254;-0.9045543670654297;0.9734894037246704
-0.20033381879329681;0.31569117307662964;0.41172346472740173
-0.26205217838287354;0.3577328622341156;0.4237370193004608
-0.0991295650601387;0.3371230661869049;0.5269283652305603
-0.07569283246994019;0.49812769889831543;0.5395407676696777
-0.1251259446144104;0.45179060101509094;0.40949547290802
-0.13813826441764832;0.358614444732666;0.41437411308288574
-0.24952657520771027;0.5495479702949524;0.4065943956375122
-0.2079266458749771;0.5827726721763611;0.3968323767185211
-0.3365708589553833;0.5144538283348083;0.6257482171058655
-0.28465035557746887;0.47533950209617615;0.4296165704727173
-0.19561125338077545;0.29921093583106995;0.29562148451805115
-0.2483190894126892;0.32816603779792786;0.292822003364563
-0.1368982195854187;0.414064884185791;0.3087864816188812
-0.1450752168893814;0.34311458468437195;0.31452539563179016
-0.20355036854743958;0.514807939529419;0.27577346563339233
-0.16021037101745605;0.5402145981788635;0.3973168730735779
-0.26596999168395996;0.4040684401988983;0.28625354170799255
-0.2550833821296692;0.47449660301208496;0.27857041358947754
-0.18214015662670135;-0.4037504494190216;0.5677184462547302
-0.11273845285177231;-0.47951099276542664;0.5782560706138611
-0.28523048758506775;-0.33990684151649475;0.8091437816619873
-0.321507066488266;-0.5377160310745239;0.7144770622253418
-0.2949555218219757;-0.5571365356445312;0.5881965160369873
-0.24483272433280945;-0.42633968591690063;0.5770565867424011
-0.15757820010185242;-0.7542094588279724;0.5898010730743408
-0.07066214084625244;-0.6244065761566162;0.5823119878768921
-0.04091622307896614;-0.5760353207588196;0.7406699061393738
-0.195613294839859;-0.4942907392978668;0.42931050062179565
-0.1412498652935028;-0.5437508821487427;0.4330499470233917
-0.24250829219818115;-0.5113962888717651;0.4334045350551605
-0.16874462366104126;-0.7475011348724365;0.4559851586818695
-0.22922544181346893;-0.6882262229919434;0.452436238527298
-0.0977565348148346;-0.6551345586776733;0.44471076130867004
-0.11642562597990036;-0.7256820201873779;0.45095786452293396
-0.10145290195941925;-0.7214738130569458;0.5878325700759888
-0.1892460286617279;-0.5493940114974976;0.32024502754211426
-0.14258013665676117;-0.5948574542999268;0.3292393982410431
-0.24370013177394867;-0.638608455657959;0.35106927156448364
-0.22861208021640778;-0.5700864791870117;0.32983797788619995
-0.11111756414175034;-0.6791142225265503;0.35014787316322327
-0.1839522272348404;-0.5871388912200928;0.22965283691883087
-0.1405855268239975;-0.6228437423706055;0.23448681831359863
-0.22764010727405548;-0.6850108504295349;0.2532196044921875
-0.21509791910648346;-0.6217021942138672;0.23706373572349548
-0.16215179860591888;-0.7914082407951355;0.26867422461509705
-0.19911372661590576;-0.7515226006507874;0.2630120515823364
-0.10871481895446777;-0.6918454170227051;0.2495085597038269
-0.12070289999246597;-0.7500589489936829;0.26179322600364685
-0.18811655044555664;-0.10365059226751328;0.6764531135559082
-0.18212896585464478;0.4913330078125;1.2586374282836914
-0.14488592743873596;0.8734911680221558;1.1734763383865356
-0.21889258921146393;1.0016531944274902;1.0995880365371704
-0.20810042321681976;1.1088156700134277;1.068979024887085
-0.13682152330875397;1.1813883781433105;0.9530456066131592
-0.07893677055835724;1.2801940441131592;0.9455013275146484
-0.22590048611164093;-0.24501845240592957;0.8194698691368103
-0.10643584281206131;0.6260136365890503;0.528268039226532
-0.10588838905096054;0.22737416625022888;0.5616836547851562
-0.06714234501123428;-0.7564452886581421;0.770216166973114
-0.1681024581193924;1.1205103397369385;1.1104726791381836
-0.15247537195682526;1.0333571434020996;1.1734485626220703
-0.32225731015205383;0.34369269013404846;0.7420815229415894
-0.22267092764377594;-0.09186079353094101;0.7901301383972168
-0.23494821786880493;0.0982469990849495;0.7722949981689453
-0.24732816219329834;0.24510496854782104;0.766684889793396
-0.2540663480758667;0.7151203155517578;0.7612754702568054
-0.18116648495197296;-0.7660928964614868;0.6969247460365295
-0.06674029678106308;-0.6960703730583191;0.6841393113136292
-0.22923341393470764;-0.7068470120429993;0.7137852311134338
-0.08662249147891998;-0.4611332416534424;0.6715837717056274
-0.18298056721687317;-0.36723706126213074;0.6539590358734131
-0.11087869852781296;-0.7549143433570862;0.688665509223938
-0.32611367106437683;-0.5409364104270935;0.8210647702217102
-0.041887227445840836;-0.6625844240188599;0.7535196542739868
-0.08130087703466415;-0.8143344521522522;0.788422703742981
-0.16938607394695282;0.7772074937820435;0.7271412014961243
-0.11776924878358841;0.35256630182266235;0.4735792875289917
-0.1001746878027916;0.47208404541015625;0.4682430624961853
-0.20081500709056854;0.6210492253303528;0.4692062437534332
-0.26181352138519287;0.5897903442382812;0.48217475414276123
-0.1343604177236557;0.5746468901634216;0.46426352858543396
-0.1958881914615631;0.3119128346443176;0.4834407567977905
-0.3101963400840759;0.49546217918395996;0.5101901292800903
-0.10772191733121872;0.8252350091934204;0.7554392218589783
-0.26184290647506714;0.7250404953956604;1.0463330745697021
-0.32934558391571045;0.5698314905166626;1.055254340171814
-0.21912413835525513;0.8605993986129761;1.0131367444992065
-0.18252544105052948;0.7118915915489197;0.6283338069915771
-0.11411666125059128;0.6956052780151367;0.603471040725708
-0.17249783873558044;1.2303321361541748;0.8622260689735413
-0.27734237909317017;1.0660343170166016;0.8657938241958618
-0.24282819032669067;1.1319730281829834;0.8375805020332336
-0.1091931015253067;1.231200933456421;1.0152926445007324
-0.09931174665689468;1.247642993927002;1.0291019678115845
-0.1424357295036316;1.1340625286102295;1.1525822877883911
-0.06820756942033768;1.2971434593200684;0.9643027186393738
-0.12550388276576996;1.201267957687378;1.0852882862091064
-0.18742461502552032;1.17402982711792;0.9419896602630615
-0.1815943866968155;1.1888630390167236;0.980005145072937
-0.09727016091346741;1.2556703090667725;0.9534022212028503
-0.14272093772888184;1.2327182292938232;0.9837003946304321
-0.10158520936965942;1.2729363441467285;0.912745475769043
-0.07808598130941391;1.365863561630249;0.7931063771247864
-0.10402729362249374;1.3483302593231201;0.8101041913032532
-0.07498253881931305;1.3854622840881348;0.8123863935470581
-0.09699668735265732;1.360140085220337;0.8303759694099426
-0.07465536147356033;1.378908634185791;0.868625819683075
-0.06874626874923706;1.403475284576416;0.8298615217208862
-0.15066447854042053;1.2703251838684082;0.7301647663116455
-0.09551993012428284;1.3151066303253174;0.6742510795593262
-0.06335413455963135;1.3172099590301514;0.645766019821167
-0.21513332426548004;1.1524200439453125;1.037801742553711
-0.1390836089849472;1.1782231330871582;1.059934377670288
-0.17752067744731903;1.1970970630645752;0.9187045097351074
-0.24682851135730743;1.137688398361206;0.9018696546554565
-0.13956159353256226;1.109065294265747;1.1716668605804443
-0.23207609355449677;0.9670137166976929;0.7620024085044861
-0.27467480301856995;0.9881742596626282;0.9006142020225525
-0.27882272005081177;1.0212299823760986;0.8081493973731995
-0.07748853415250778;1.2322602272033691;1.0662486553192139
-0.2360837161540985;1.0724401473999023;0.7756965160369873
-0.13075463473796844;1.1568641662597656;0.7039892673492432
-0.18114054203033447;1.1362993717193604;0.7323966026306152
-0.14249683916568756;1.229182481765747;0.7193121910095215
-0.17491185665130615;1.2054028511047363;0.7988229990005493
-0.2238577902317047;0.8081598877906799;0.8654584884643555
-0.061237163841724396;1.38399076461792;0.6818628311157227
-0.06570243090391159;1.4079341888427734;0.7228236794471741
-0.14919845759868622;-0.7940787672996521;0.8335468173027039
-0.3252056837081909;0.5929237604141235;0.920546293258667
-0.2954867482185364;0.6819857954978943;0.9052904844284058
-0.28268665075302124;0.6509886384010315;1.0592472553253174
-0.24996542930603027;0.7021307945251465;1.1159169673919678
-0.16531331837177277;0.7393800616264343;1.2047576904296875
-0.1554405242204666;0.7981386184692383;1.1915563344955444
-0.23791149258613586;0.33111372590065;0.49492698907852173
-0.2846985459327698;0.3805510997772217;0.5067570805549622
-0.3239484429359436;0.5106327533721924;0.5583245754241943
-0.3240864872932434;0.42885851860046387;0.6132670044898987
-0.29041585326194763;0.6429444551467896;0.6805782914161682
-0.32625719904899597;0.5885018706321716;0.6987324953079224
-0.26938706636428833;0.4060528874397278;0.4213155210018158
-0.21236038208007812;0.9221230149269104;1.1059383153915405
-0.14834703505039215;0.9540459513664246;1.171870231628418
-0.2773188650608063;0.465911328792572;0.397731214761734
-0.17591600120067596;0.5634104013442993;1.2480231523513794
-0.17495784163475037;0.6336154341697693;1.2336225509643555
-0.2477542906999588;0.5275067090988159;0.3633200526237488
-0.2355293482542038;0.15107151865959167;0.8981739282608032
-0.2282576709985733;0.2427000105381012;0.6938325762748718
-0.2415720820426941;0.17624139785766602;0.7677701711654663
-0.26343291997909546;0.2963654696941376;0.6242815852165222
-0.294037789106369;0.29586848616600037;0.9059215188026428
-0.2628042697906494;0.29101884365081787;1.0904568433761597
-0.16239704191684723;0.4843674302101135;0.29863861203193665
-0.16333262622356415;0.5065097808837891;0.33567965030670166
-0.32273727655410767;0.4917401671409607;1.0780521631240845
-0.20936313271522522;0.5492634773254395;0.3364248275756836
-0.2804703116416931;0.4121737480163574;1.1647733449935913
-0.3447340130805969;0.43294453620910645;0.8820104598999023
-0.35908186435699463;0.48457103967666626;0.8683764934539795
-0.3229449391365051;0.3933860957622528;1.0193378925323486
-0.30012309551239014;0.36234867572784424;1.0654139518737793
-0.2566458284854889;0.25534260272979736;1.0004048347473145
-0.27226483821868896;0.627089262008667;1.1443109512329102
-0.19831347465515137;0.294607937335968;1.188672423362732
-0.21470455825328827;0.423525869846344;1.2311166524887085
-0.15754100680351257;0.36327245831489563;1.2444509267807007
-0.30301767587661743;0.42979201674461365;1.086650013923645
-0.22918592393398285;-0.4533904790878296;1.088200330734253
-0.23276516795158386;-0.4925379157066345;1.0885637998580933
-0.3099612295627594;-0.4608674645423889;0.8196642994880676
-0.2958264946937561;-0.39433395862579346;0.8041744828224182
-0.29790744185447693;-0.4609144330024719;0.9504335522651672
-0.2975133955478668;-0.4713350832462311;0.6965595483779907
-0.26046276092529297;-0.6302529573440552;0.592059314250946
-0.3081552982330322;-0.5364438891410828;0.6518896818161011
-0.06800943613052368;-0.317603200674057;0.6913009881973267
-0.16643548011779785;-0.3054455518722534;0.7383657097816467
-0.2612113356590271;-0.3070693612098694;0.8147377967834473
-0.24115216732025146;-0.2693192958831787;0.8170915246009827
-0.2570796012878418;-0.27611789107322693;0.92641282081604
-0.26905983686447144;-0.33174774050712585;0.9466333389282227
-0.1125846803188324;-0.014053707011044025;0.5873084664344788
-0.2264086753129959;-0.034720391035079956;0.780191957950592
-0.22973980009555817;0.016683820635080338;0.7757114171981812
-0.23240435123443604;0.05821406468749046;0.7733994126319885
-0.11663553863763809;-0.06746415793895721;1.1560407876968384
-0.11780717968940735;-0.011262192390859127;1.1568002700805664
-0.11892262101173401;0.042276740074157715;1.1579258441925049
-0.11804234236478806;-0.17517659068107605;1.1653697490692139
-0.11976169049739838;-0.21129277348518372;1.1715898513793945
-0.12210668623447418;0.07272779941558838;1.1594345569610596
-0.13660593330860138;0.14354778826236725;1.1654398441314697
-0.14528515934944153;0.18599717319011688;1.1694666147232056
-0.12258206307888031;-0.31647247076034546;1.1874984502792358
-0.12603303790092468;-0.3895058035850525;1.1958932876586914
-0.04080773517489433;0.05457732826471329;1.1875741481781006
-0.1740173101425171;-0.209951713681221;0.7133875489234924
-0.17989961802959442;-0.16568297147750854;0.6979214549064636
-0.23727740347385406;0.1255081295967102;0.7702562212944031
-0.2128867208957672;0.11933518946170807;1.0373305082321167
-0.22901512682437897;0.1796625405550003;1.0393245220184326
-0.20366458594799042;0.12871477007865906;0.6297386288642883
-0.20551273226737976;0.16608169674873352;0.6273409724235535
-0.22780606150627136;0.1199323907494545;0.8977509140968323
-0.20187003910541534;-0.1569625288248062;1.0486294031143188
-0.20924890041351318;-0.23378558456897736;1.0574212074279785
-0.2187965363264084;-0.3470814824104309;1.0748652219772339
-0.23597438633441925;-0.18567001819610596;0.9150243997573853
-0.10421761125326157;-0.18777069449424744;0.6460548639297485
-0.20017871260643005;0.0024402460549026728;1.03799569606781
-0.19859741628170013;-0.06833246350288391;1.0408307313919067
-0.21596740186214447;-0.07470165193080902;0.9039866924285889
-0.21712903678417206;-0.039720430970191956;0.9008031487464905
-0.2185649424791336;0.003726550843566656;0.8987570405006409
-0.21946801245212555;0.031192529946565628;0.8979830145835876
-0.20026026666164398;0.07155550271272659;0.6355461478233337
-0.1965925395488739;0.017815615981817245;0.6436200141906738
-0.18978837132453918;-0.07992212474346161;0.6678673028945923
-0.22795791923999786;-0.21689575910568237;0.9823642373085022
-0.15704379975795746;-0.2249504178762436;1.1324907541275024
-0.1594262719154358;0.08683039993047714;1.1074808835983276
-0.22256331145763397;0.1582064926624298;0.6957574486732483
-0.15192238986492157;0.03110220655798912;1.1088935136795044
-0.20570625364780426;0.22059178352355957;1.0930759906768799
-0.15600483119487762;0.2314782738685608;1.184107780456543
-0.166180819272995;0.2687835991382599;1.205273985862732
-0.2266065925359726;-0.7303587198257446;0.8231883645057678
-0.1844329684972763;-0.7631481289863586;0.8280202150344849
-0.15641750395298004;-0.7909728288650513;0.9982922077178955
-0.2312953770160675;-0.7408528327941895;0.9263659715652466
-0.1924571692943573;-0.7762763500213623;0.9123507142066956
-0.07912627607584;-0.8698803186416626;0.9378873705863953
-0.20758056640625;-0.7181999683380127;0.34250497817993164
-0.24829725921154022;-0.6750333309173584;0.6357443928718567
-0.16641901433467865;-0.7654739618301392;0.3560646176338196
-0.12698930501937866;-0.7319798469543457;0.3937804400920868
-0.290581613779068;-0.6518672704696655;0.9502995014190674
-0.2214023917913437;-0.6696268320083618;1.0622233152389526
-0.2726345956325531;-0.6394241452217102;0.6980013847351074
-0.2878429591655731;-0.6281991004943848;0.8184605240821838
-0.09310539811849594;-0.7923004031181335;1.0758661031723022
-0.12970329821109772;-0.7409981489181519;0.34372133016586304
-0.18716183304786682;-0.7393196821212769;0.5894728302955627
-0.21855175495147705;-0.7103340029716492;0.5915625691413879
-0.16779161989688873;-0.7546340227127075;0.40307727456092834
-0.15485380589962006;-0.7359145283699036;1.0840673446655273
-0.21822212636470795;-0.7005215883255005;0.4069187641143799
-0.2783908247947693;-0.5950427651405334;0.5104464888572693
-0.2676733732223511;-0.5955469608306885;0.46152329444885254
-0.19173039495944977;-0.46792227029800415;0.4705214202404022
-0.10236851125955582;-0.6634119749069214;0.4122655987739563
-0.24168413877487183;-0.46074530482292175;0.5182828307151794
-0.26989468932151794;-0.49118855595588684;0.5843757390975952
-0.30834606289863586;-0.5983341336250305;0.9596921801567078
-0.24460558593273163;-0.38058599829673767;0.6790099143981934
-0.3029036521911621;-0.5416821837425232;0.9765747785568237
-0.25419890880584717;-0.40509968996047974;0.6331833004951477
-0.24823834002017975;-0.41863369941711426;0.5974132418632507
-0.31390735507011414;-0.5941089987754822;0.9104940891265869
-0.3180178701877594;-0.5380839109420776;0.8674010038375854
-0.2774302661418915;-0.3557860255241394;0.7653846144676208
-0.32756006717681885;-0.5660717487335205;0.7437623143196106
-0.23325718939304352;-0.617595374584198;1.0785948038101196
-0.30294567346572876;-0.5937626957893372;0.8195755481719971
-0.20166048407554626;-0.35919666290283203;0.7151067852973938
-0.31353437900543213;-0.5161949992179871;0.913741946220398
-0.23715344071388245;-0.5442355275154114;1.0899128913879395
-0.11421406269073486;-0.673351526260376;1.1646442413330078
-0.11405976861715317;-0.7216694951057434;1.1322803497314453
-0.12475067377090454;-0.5002017021179199;1.1960935592651367
-0.12192457914352417;-0.5448142886161804;1.191233515739441
-0.18842121958732605;-0.5536384582519531;1.1433838605880737
-0.07449250668287277;-0.5408163070678711;1.2198340892791748
-0.18239668011665344;-0.65766441822052;1.109458327293396
-0.22483904659748077;-0.19467660784721375;0.8099012970924377
-0.22400644421577454;-0.1552397608757019;0.8021988272666931
-0.2264745533466339;-0.14489293098449707;0.9109944701194763
-0.23452973365783691;-0.6831950545310974;0.5598475933074951
-0.2324889898300171;-0.6830497980117798;0.49990856647491455
-0.2599559426307678;-0.6276018023490906;0.5273892283439636
-0.2007228136062622;-0.7208878397941589;0.48652663826942444
-0.36176544427871704;0.5303295254707336;0.8397486209869385
-0.3473747670650482;0.47896215319633484;0.7216792106628418
-0.3381471335887909;0.42658036947250366;0.7291491627693176
-0.2859380543231964;0.295680969953537;0.7534985542297363
-0.24372296035289764;0.6850583553314209;0.6611737608909607
-0.26874589920043945;0.6901056170463562;0.7334583401679993
-0.16348958015441895;0.7380938529968262;0.6457865238189697
-0.2143094837665558;0.7160226106643677;0.6882006525993347
-0.21748802065849304;0.7624445557594299;0.7992756366729736
-0.13034453988075256;0.7858500480651855;0.7122674584388733
-0.1325724720954895;0.8029205203056335;0.7411622405052185
-0.14294365048408508;0.7594569325447083;0.6725978851318359
-0.035546720027923584;-0.870383083820343;0.8256034851074219
-0.056614819914102554;-0.9223657846450806;0.8091481924057007
-0.038031332194805145;-0.9364529848098755;0.898016631603241
-0.16501615941524506;1.1675701141357422;1.055454969406128
-0.19526171684265137;1.1775293350219727;1.0062179565429688
-0.11772802472114563;-0.5924126505851746;0.12685580551624298
-0.16344161331653595;-0.7037680149078369;0.09267475455999374
-0.08766521513462067;-0.5553305149078369;0.0705147385597229
-0.1637246012687683;-0.67699134349823;-0.0008431675378233194
-0.20986104011535645;-0.6851469278335571;0.09993082284927368
-0.20977725088596344;-0.6652008295059204;-0.000843167828861624
-0.10977639257907867;-0.5569131970405579;0.09020697325468063
-0.11478288471698761;-0.6481109857559204;-0.0008431747555732727
-0.10636855661869049;-0.6701016426086426;0.099105603992939
-0.163776233792305;-0.542011022567749;0.10078029334545135
-0.2351330667734146;-0.5713042616844177;0.08549564331769943
-0.1672421395778656;-0.5164527297019958;0.08826213330030441
-0.16854266822338104;-0.5624163746833801;-0.0008431798778474331
-0.12810681760311127;-0.5522563457489014;-0.0008431798778474331
-0.20321528613567352;-0.5734037756919861;-0.0008431788301095366
-0.2520277798175812;-0.5370293855667114;0.0650702565908432
-0.13222326338291168;-0.5142558813095093;0.07795415818691254
-0.1691524237394333;-0.5009550452232361;-0.0008431798778474331
-0.20812220871448517;-0.5246152281761169;0.07548867166042328
-0.16233238577842712;-0.575946569442749;0.13536076247692108
-0.21352659165859222;-0.6039338707923889;0.12739740312099457
-0.0884002298116684;-0.5561426877975464;-0.0008431787136942148
-0.1305745393037796;-0.5021899342536926;-0.0008431798778474331
-0.25269296765327454;-0.5385631918907166;-0.0008431790047325194
-0.21021606028079987;-0.516261637210846;-0.0008431798778474331
-0.07903800904750824;-0.4890725910663605;-0.000843179295770824
-0.08598314225673676;-0.46168121695518494;-0.0008431794121861458
-0.08709748089313507;-0.4598187506198883;0.03593122586607933
-0.08085377514362335;-0.48428621888160706;0.06317509710788727
-0.21428702771663666;-0.451031357049942;0.032658278942108154
-0.2196182757616043;-0.46745625138282776;0.06158395856618881
-0.11878877878189087;-0.471755713224411;0.0646708607673645
-0.11304666101932526;-0.4531218707561493;0.035984039306640625
-0.22499869763851166;-0.4891056716442108;0.05440450459718704
-0.2332022339105606;-0.4814842641353607;0.03148830309510231
-0.1956896334886551;-0.44243165850639343;0.033516302704811096
-0.18273358047008514;-0.4530395567417145;0.06977774947881699
-0.13113734126091003;-0.46190324425697327;-0.0008431798778474331
-0.13752704858779907;-0.44791534543037415;-0.0008431798778474331
-0.16181163489818573;-0.4471767842769623;-0.0008431798778474331
-0.1695604771375656;-0.46172645688056946;-0.0008431798778474331
-0.16831731796264648;-0.45056310296058655;0.06813807040452957
-0.1622781604528427;-0.4364455044269562;0.033146269619464874
-0.25244733691215515;-0.49126914143562317;0.030680624768137932
-0.25733262300491333;-0.5087742209434509;0.051676079630851746
-0.13673624396324158;-0.43846508860588074;0.0317859873175621
-0.1272720992565155;-0.45515313744544983;0.06302941590547562
-0.18030904233455658;-0.46585068106651306;-0.0008431798778474331
-0.19402168691158295;-0.4538591206073761;-0.0008431798778474331
-0.2516993582248688;-0.4920754134654999;-0.000843179295770824
-0.2579822540283203;-0.508758544921875;-0.0008431791211478412
-0.22019420564174652;-0.49211469292640686;-0.0008431797614321113
-0.2314186543226242;-0.48119208216667175;-0.0008431795286014676
-0.11657819151878357;-0.458228200674057;-0.0008431797032244503
-0.12296144664287567;-0.47589758038520813;-0.0008431798778474331
-0.21347950398921967;-0.4620470702648163;-0.0008431798778474331
-0.2169586569070816;-0.4764081537723541;-0.0008431798778474331
-0.16346009075641632;-0.6877851486206055;0.05110110715031624
-0.11252667009830475;-0.6566480398178101;0.062350571155548096
-0.2086237519979477;-0.6702120304107666;0.05409960821270943
-0.13846544921398163;0.44553008675575256;0.14076021313667297
-0.18299144506454468;0.3138253688812256;0.13115397095680237
-0.1090584322810173;0.47384727001190186;0.08605055510997772
-0.19162873923778534;0.34572362899780273;0.0008346968097612262
-0.24470612406730652;0.32639041543006897;0.1351684033870697
-0.25552263855934143;0.3502339720726013;0.0008346968679688871
-0.134990856051445;0.4719911217689514;0.10914601385593414
-0.13788330554962158;0.3688719868659973;0.000834696926176548
-0.13299888372421265;0.3502691984176636;0.130526602268219
-0.19832302629947662;0.4894685745239258;0.12154662609100342
-0.28130361437797546;0.4459332227706909;0.09753800928592682
-0.2023879438638687;0.5194438099861145;0.1068650633096695
-0.20391321182250977;0.46553677320480347;0.0008346987888216972
-0.15648920834064484;0.47745269536972046;0.0008346985559910536
-0.24457797408103943;0.45265060663223267;0.0008346985559910536
-0.3018262982368469;0.49531108140945435;0.07966513931751251
-0.16131703555583954;0.5220203399658203;0.09477566182613373
-0.20462828874588013;0.537619948387146;0.0008346987888216972
-0.25033289194107056;0.5098707675933838;0.09188409149646759
-0.19690902531147003;0.4715525507926941;0.1469147503376007
-0.2687967121601105;0.4444032907485962;0.1475711166858673
-0.1099204570055008;0.472894549369812;0.0008346983231604099
-0.1593833714723587;0.5361716151237488;0.0008346986141987145
-0.302606463432312;0.49351227283477783;0.0008346985559910536
-0.25278860330581665;0.5196680426597595;0.0008346987888216972
-0.09894025325775146;0.5515559911727905;0.0008346984395757318
-0.10708564519882202;0.5836811661720276;0.0008346984395757318
-0.10839259624481201;0.5858654379844666;0.045490287244319916
-0.10106980800628662;0.5571694374084473;0.077442467212677
-0.25756311416625977;0.5961714386940002;0.04165169969201088
-0.263815701007843;0.5769081115722656;0.07557635009288788
-0.14556080102920532;0.5718655586242676;0.07919672131538391
-0.13882634043693542;0.5937196612358093;0.04555221647024155
-0.2701259255409241;0.5515172481536865;0.06715613603591919
-0.27974724769592285;0.5604556798934937;0.04027952253818512
-0.23575171828269958;0.606257438659668;0.0426580086350441
-0.2205566167831421;0.5938162207603455;0.0851861983537674
-0.16004344820976257;0.5834206938743591;0.0008346987888216972
-0.16753743588924408;0.5998260974884033;0.0008346987888216972
-0.19601888954639435;0.6006922721862793;0.0008346987888216972
-0.2051069140434265;0.5836281180381775;0.0008346987888216972
-0.2036488950252533;0.5967206954956055;0.08326314389705658
-0.19656604528427124;0.6132781505584717;0.04222402721643448
-0.3023183345794678;0.5489798784255981;0.039332251995801926
-0.308047890663147;0.5284494757652283;0.06395617127418518
-0.1666099727153778;0.6109095215797424;0.04062865674495697
-0.15551021695137024;0.5913375020027161;0.07727161049842834
-0.21771302819252014;0.578791081905365;0.0008346987888216972
-0.23379555344581604;0.5928550958633423;0.0008346987888216972
-0.30144113302230835;0.5480342507362366;0.0008346985559910536
-0.3088098168373108;0.5284678339958191;0.0008346985559910536
-0.26449114084243774;0.5479879379272461;0.0008346986724063754
-0.2776554822921753;0.5607982873916626;0.0008346986141987145
-0.14296816289424896;0.587730884552002;0.0008346984977833927
-0.1504545956850052;0.567007839679718;0.0008346985559910536
-0.2566160559654236;0.5832520127296448;0.0008346987888216972
-0.2606964707374573;0.5664089918136597;0.0008346987888216972
-0.18742206692695618;0.3283059597015381;0.05908320099115372
-0.13665789365768433;0.3603496551513672;0.07006790488958359
-0.24497336149215698;0.3359776735305786;0.06163812428712845
-0.22033792734146118;-0.6495219469070435;0.1120532900094986
-0.22270752489566803;-0.6270493865013123;0.06083562225103378
-0.23630528151988983;-0.6029635667800903;-0.0008431769092567265
-0.10385119915008545;-0.6263779401779175;0.11304088681936264
-0.09511001408100128;-0.5983226895332336;-0.0008431769674643874
-0.10235963761806488;-0.601978063583374;0.07135569304227829
-0.2833866477012634;0.4179823398590088;0.0008346980321221054
-0.2701432406902313;0.3843618631362915;0.14163964986801147
-0.27564457058906555;0.3951528072357178;0.07130205631256104
-0.11858513951301575;0.4184267520904541;0.08689482510089874
-0.12188739329576492;0.40208879113197327;0.13343974947929382
-0.11794789880514145;0.4273184537887573;0.0008346977410838008
-1.3444828361741656e-08;0.8350350260734558;0.7071611881256104
0.09017343819141388;1.3175532817840576;0.6738563179969788
-1.2791133485734463e-08;1.3470991849899292;0.67697674036026
-0.08404245972633362;1.3203587532043457;0.6734036803245544
-1.498019841505993e-08;1.2646875381469727;0.6985124349594116
0.09551990032196045;1.262974739074707;0.6967822313308716
0.09017343819141388;1.262974739074707;0.6963874697685242
-0.09551993012428284;1.262974739074707;0.6967822313308716
-0.08404245972633362;1.262974739074707;0.6959348320960999
-1.498019841505993e-08;1.2639970779418945;0.6944878101348877
0.039605941623449326;-1.080613374710083;0.3275003731250763
-1.2791133485734463e-08;-1.1135356426239014;0.3426436483860016
0.027628323063254356;-1.103903889656067;0.3390561044216156
0.028363417834043503;-1.0573071241378784;0.3147766888141632
-1.2791133485734463e-08;-1.047637701034546;0.3081393539905548
0.037085551768541336;-1.4055395126342773;0.13826078176498413
-1.1175984582223464e-08;-1.4091349840164185;0.1732458472251892
0.02586951106786728;-1.4080705642700195;0.16303080320358276
0.026557862758636475;-1.4032039642333984;0.11333110928535461
-1.1175984582223464e-08;-1.4023441076278687;0.10290123522281647
0.030759751796722412;-1.459855318069458;0.14119172096252441
-1.1175984582223464e-08;-1.454754114151001;0.16963379085063934
0.021455151960253716;-1.4562114477157593;0.16127830743789673
0.022026196122169495;-1.4636754989624023;0.12107150256633759
-1.1175984582223464e-08;-1.465371012687683;0.11273837089538574
0.01622476615011692;-1.4784142971038818;0.14513584971427917
-1.1175984582223464e-08;-1.4756908416748047;0.16016905009746552
0.011312134563922882;-1.4764704704284668;0.15575207769870758
0.0116136334836483;-1.4804141521453857;0.13452181220054626
-1.1175984582223464e-08;-1.481281042098999;0.13013796508312225
-1.1175984582223464e-08;-1.4846138954162598;0.14672762155532837
0.037116456776857376;-1.1174426078796387;0.2742977738380432
0.037092454731464386;-1.1477985382080078;0.24497130513191223
-0.0011171400547027588;-1.1439499855041504;0.29612380266189575
-0.0002495497465133667;-1.1700327396392822;0.2694750428199768
0.02579885721206665;-1.1635842323303223;0.26308438181877136
0.025553209707140923;-1.136171817779541;0.2906155288219452
0.02626287005841732;-1.0987868309020996;0.25679898262023926
0.02649196982383728;-1.1318950653076172;0.22571499645709991
-0.0002495497465133667;-1.1251614093780518;0.21650367975234985
-0.0011171400547027588;-1.0910208225250244;0.2482457458972931
0.037085551768541336;-1.1865174770355225;0.21284697949886322
0.037085551768541336;-1.2220945358276367;0.19242405891418457
-1.1175867342672063e-08;-1.2044663429260254;0.2422236204147339
-1.1175839809141053e-08;-1.2376396656036377;0.2246321141719818
0.02586951106786728;-1.2331979274749756;0.21583853662014008
0.02586951106786728;-1.199296474456787;0.23438633978366852
0.026557862758636475;-1.1736178398132324;0.19020825624465942
0.026557862758636475;-1.2108097076416016;0.1680583357810974
-1.1175840697319472e-08;-1.2059414386749268;0.15697696805000305
-1.1175866454493644e-08;-1.1680986881256104;0.17967769503593445
0.037085551768541336;-1.2614259719848633;0.1740679293870926
0.037085551768541336;-1.2916820049285889;0.1614682525396347
-1.1175834480070534e-08;-1.2732737064361572;0.20902828872203827
-1.1175836256427374e-08;-1.303833246231079;0.19815579056739807
0.02586951106786728;-1.3004987239837646;0.18770857155323029
0.02586951106786728;-1.269946813583374;0.19941018521785736
0.026557862758636475;-1.2527015209197998;0.14781393110752106
0.026557862758636475;-1.2826604843139648;0.13484200835227966
-1.117584957910367e-08;-1.2787156105041504;0.12327392399311066
-1.1175835368248954e-08;-1.2488892078399658;0.13606299459934235
0.037085551768541336;-1.326841115951538;0.15065422654151917
0.037085551768541336;-1.3639382123947144;0.1427716761827469
-1.1175859349066286e-08;-1.3362691402435303;0.18616437911987305
-1.117596681865507e-08;-1.3693240880966187;0.17892064154148102
0.02586951106786728;-1.367830753326416;0.1684112399816513
0.02586951106786728;-1.3337278366088867;0.17614175379276276
0.026557862758636475;-1.3198215961456299;0.12458845227956772
0.026557862758636475;-1.3601211309432983;0.11696775257587433
-1.1175971259547168e-08;-1.3585377931594849;0.10609231889247894
-1.117590819887937e-08;-1.316781759262085;0.11335798352956772
0.05024588108062744;-0.9571856260299683;0.6873220801353455
0.048366729170084;-0.9686253070831299;0.6455098390579224
-1.2791129044842364e-08;-1.0044300556182861;0.6964497566223145
-1.2791108616738711e-08;-1.014186978340149;0.6555700302124023
0.03374320641160011;-1.0009732246398926;0.6533886790275574
0.035025037825107574;-0.990732729434967;0.6945080757141113
0.03601852431893349;-0.9234368205070496;0.6791107058525085
0.03463886305689812;-0.9360920786857605;0.636601448059082
-1.2791108616738711e-08;-0.9224297404289246;0.6316781044006348
-1.2791129044842364e-08;-0.9092614054679871;0.6744422316551208
0.04424276947975159;-0.9974524974822998;0.5499558448791504
0.043110087513923645;-1.0110950469970703;0.5097581148147583
-1.2791105064025032e-08;-1.0387157201766968;0.5592862367630005
-1.2791106840381872e-08;-1.050840139389038;0.5197463631629944
0.030073637142777443;-1.039292573928833;0.517616868019104
0.03086276352405548;-1.0267388820648193;0.5573405027389526
0.03168574720621109;-0.9680126905441284;0.541472315788269
0.03087371215224266;-0.9827630519866943;0.500821053981781
-1.2791106840381872e-08;-0.9708945155143738;0.4958401322364807
-1.2791105064025032e-08;-0.9556657075881958;0.53668612241745
0.043110087513923645;-1.041612148284912;0.4175542891025543
0.04226190224289894;-1.0584344863891602;0.37636297941207886
-1.2791132597556043e-08;-1.0806729793548584;0.42844516038894653
-1.2791133485734463e-08;-1.095916509628296;0.3868219554424286
0.029437793418765068;-1.085029125213623;0.38461145758628845
0.030073637142777443;-1.0693084001541138;0.4261191785335541
0.03087371215224266;-1.0138113498687744;0.40778642892837524
0.030306437984108925;-1.0316131114959717;0.36691316962242126
-1.2791133485734463e-08;-1.0203887224197388;0.3615834414958954
-1.2791131709377623e-08;-1.0021886825561523;0.40233924984931946
0.056614797562360764;-0.9223657846450806;0.8091481924057007
0.052192769944667816;-0.9376140832901001;0.7690293788909912
-1.2791133485734463e-08;-0.9853153228759766;0.786798894405365
0.036451831459999084;-0.971457839012146;0.7823114991188049
0.03990463539958;-0.9578213095664978;0.829247772693634
0.037324242293834686;-0.9035664200782776;0.7548418641090393
-1.2791133485734463e-08;-0.8892887234687805;0.7479313611984253
-1.2791133485734463e-08;-0.8807848691940308;0.7804431915283203
-0.039605963975191116;-1.080613374710083;0.3275003731250763
-0.027628349140286446;-1.103903889656067;0.3390561044216156
-0.028363443911075592;-1.0573071241378784;0.3147766888141632
-0.037085577845573425;-1.4055395126342773;0.13826078176498413
-0.02586953341960907;-1.4080705642700195;0.16303080320358276
-0.026557892560958862;-1.4032039642333984;0.11333110928535461
-0.0307597815990448;-1.459855318069458;0.14119172096252441
-0.021455179899930954;-1.4562114477157593;0.16127830743789673
-0.022026222199201584;-1.4636754989624023;0.12107150256633759
-0.01622479036450386;-1.4784142971038818;0.14513584971427917
-0.011312160640954971;-1.4764704704284668;0.15575207769870758
-0.01161365956068039;-1.4804141521453857;0.13452181220054626
-0.03935074061155319;-1.1174426078796387;0.2742977738380432
-0.03759155422449112;-1.1477985382080078;0.24497130513191223
-0.026297960430383682;-1.1635842323303223;0.26308438181877136
-0.02778749167919159;-1.136171817779541;0.2906155288219452
-0.028497159481048584;-1.0987868309020996;0.25679898262023926
-0.02699107676744461;-1.1318950653076172;0.22571499645709991
-0.037085577845573425;-1.1865174770355225;0.21284697949886322
-0.037085577845573425;-1.2220945358276367;0.19242405891418457
-0.02586953714489937;-1.2331979274749756;0.21583853662014008
-0.02586953714489937;-1.199296474456787;0.23438633978366852
-0.026557892560958862;-1.1736178398132324;0.19020825624465942
-0.026557892560958862;-1.2108097076416016;0.1680583357810974
-0.037085577845573425;-1.2614259719848633;0.1740679293870926
-0.037085577845573425;-1.2916820049285889;0.1614682525396347
-0.02586953714489937;-1.3004987239837646;0.18770857155323029
-0.02586953714489937;-1.269946813583374;0.19941018521785736
-0.026557892560958862;-1.2527015209197998;0.14781393110752106
-0.026557892560958862;-1.2826604843139648;0.13484200835227966
-0.037085577845573425;-1.326841115951538;0.15065422654151917
-0.037085577845573425;-1.3639382123947144;0.1427716761827469
-0.02586953341960907;-1.367830753326416;0.1684112399816513
-0.02586953341960907;-1.3337278366088867;0.17614175379276276
-0.026557892560958862;-1.3198215961456299;0.12458845227956772
-0.026557892560958862;-1.3601211309432983;0.11696775257587433
-0.05024590343236923;-0.9571856260299683;0.6873220801353455
-0.04836675152182579;-0.9686253070831299;0.6455098390579224
-0.033743228763341904;-1.0009732246398926;0.6533886790275574
-0.035025060176849365;-0.990732729434967;0.6945080757141113
-0.03601854667067528;-0.9234368205070496;0.6791107058525085
-0.03463888540863991;-0.9360920786857605;0.636601448059082
-0.04424279183149338;-0.9974524974822998;0.5499558448791504
-0.043110109865665436;-1.0110950469970703;0.5097581148147583
-0.030073663219809532;-1.039292573928833;0.517616868019104
-0.03086278960108757;-1.0267388820648193;0.5573405027389526
-0.03168576955795288;-0.9680126905441284;0.541472315788269
-0.03087373822927475;-0.9827630519866943;0.500821053981781
-0.043110109865665436;-1.041612148284912;0.4175542891025543
-0.04226192459464073;-1.0584344863891602;0.37636297941207886
-0.029437819495797157;-1.085029125213623;0.38461145758628845
-0.030073663219809532;-1.0693084001541138;0.4261191785335541
-0.03087373822927475;-1.0138113498687744;0.40778642892837524
-0.030306464061141014;-1.0316131114959717;0.36691316962242126
-0.05219279229640961;-0.9376140832901001;0.7690293788909912
-0.036451853811740875;-0.971457839012146;0.7823114991188049
-0.03990465775132179;-0.9578213095664978;0.829247772693634
-0.038193970918655396;-0.8925043940544128;0.7892107367515564
-0.03732426464557648;-0.9035664200782776;0.7548418641090393
-0.12452947348356247;1.174346685409546;0.95048588514328
-0.12562355399131775;1.1795494556427002;0.9855811595916748
-0.11403672397136688;1.1968936920166016;0.9861056804656982
-0.12320489436388016;1.1716115474700928;0.9690396189689636
-0.10494356602430344;1.1906371116638184;0.9650517702102661
-0.11299224942922592;1.1902885437011719;0.9430508613586426
-0.10827948898077011;1.2101624011993408;0.9437072277069092
-0.10885495692491531;1.2157466411590576;0.9788837432861328
-0.10262678563594818;1.2156810760498047;0.9609875679016113
-0.13222640752792358;1.1961026191711426;0.9332438707351685
-0.15935075283050537;1.2111201286315918;0.9623922109603882
-0.1556348204612732;1.186305046081543;0.9495401978492737
-0.16140703856945038;1.1862375736236572;0.9679216742515564
-0.14194640517234802;1.1756374835968018;0.9470531344413757
-0.13374818861484528;1.2054107189178467;0.9939568638801575
-0.14642661809921265;1.1697461605072021;0.9707260131835938
-0.1433706134557724;1.181938648223877;0.9899415969848633
-0.15693387389183044;1.1913971900939941;0.9845374226570129
-0.15240323543548584;1.21126389503479;0.9841711521148682
-0.12256947159767151;1.2194631099700928;0.9379663467407227
-0.1397963911294937;1.2218997478485107;0.9417266249656677
-0.1511048674583435;1.2047901153564453;0.9413206577301025
-0.11833491176366806;1.2321267127990723;0.9580399394035339
-0.140424907207489;1.2274503707885742;0.9767513275146484
-0.14155490696430206;1.230067491531372;0.9582768082618713
-0.12309099733829498;1.2263364791870117;0.9810166954994202
0.20186491310596466;0.07831358164548874;1.0368162393569946
0.1977413445711136;-0.10656409710645676;1.0428346395492554
0.22154393792152405;0.0948125496506691;0.8977989554405212
0.3643326461315155;0.5711681842803955;0.8096596002578735
0.11627255380153656;0.09310218691825867;0.5695527791976929
0.10889687389135361;-0.1246933564543724;0.6209003925323486
0.25247877836227417;0.22383655607700348;0.8998364806175232
0.24158577620983124;0.22688907384872437;1.0417441129684448
0.054844826459884644;-0.5962284803390503;0.677560031414032
0.20918715000152588;0.24140691757202148;0.6251218318939209
0.3330475091934204;0.3500172197818756;0.8748202323913574
0.2841636836528778;0.3544769585132599;1.136869192123413
0.19106586277484894;0.29774996638298035;0.554672360420227
0.31038564443588257;0.3356941342353821;0.622635543346405
0.28967970609664917;0.5162269473075867;1.1734251976013184
0.2580793797969818;0.7465110421180725;0.8897954821586609
0.23992764949798584;0.7089810371398926;1.1612411737442017
0.20644965767860413;0.8976014852523804;0.8198014497756958
0.20482124388217926;0.8432576060295105;1.1348520517349243
0.1920011341571808;0.6679569482803345;0.5446773767471313
0.35510551929473877;0.525240421295166;0.714144766330719
0.08398241549730301;0.7968629002571106;0.6880012154579163
0.27186286449432373;0.6299275159835815;0.569354772567749
0.23554936051368713;1.1084966659545898;1.0162028074264526
-1.251213532782458e-08;0.807115912437439;0.6564984917640686
-1.3686778821409007e-08;0.8732059597969055;0.7239846587181091
0.10894918441772461;0.8765119910240173;0.7507579326629639
0.2675492465496063;1.0599327087402344;0.9772417545318604
-1.4812995274837704e-08;0.966826856136322;0.6477503180503845
0.14232195913791656;0.9855384230613708;0.6834034323692322
0.21007071435451508;1.049579381942749;1.2152373790740967
0.2299736738204956;1.047456979751587;1.1904162168502808
0.23580946028232574;1.064922571182251;1.1922821998596191
0.21595612168312073;1.0671722888946533;1.2165876626968384
0.19400006532669067;1.0889310836791992;0.7347000241279602
0.2146347314119339;1.145089864730835;0.9625676870346069
0.12779758870601654;1.1117568016052246;0.6991696953773499
0.08731142431497574;1.182342529296875;0.6687285900115967
0.13191121816635132;1.3264005184173584;0.7742576599121094
0.11893631517887115;1.278791904449463;0.8646547198295593
0.09881657361984253;1.2469894886016846;0.6627141237258911
0.1491774618625641;1.3508615493774414;0.7377866506576538
0.11285600066184998;1.3610446453094482;0.6789629459381104
0.12298187613487244;1.3911106586456299;0.7273585200309753
0.16729353368282318;-0.2606000006198883;0.7306485176086426
0.0976804867386818;-0.2757808566093445;0.6801192760467529
0.208172008395195;-0.2928508222103119;1.0739279985427856
0.25013187527656555;-0.2465977668762207;0.9206811785697937
0.11550246179103851;-0.12184721231460571;1.155487298965454
-1.2791133485734463e-08;-0.12718825042247772;1.1996283531188965
-1.2791133485734463e-08;-0.2867105007171631;1.2259609699249268
0.12309947609901428;-0.281406044960022;1.1825960874557495
0.16574448347091675;-0.3417479991912842;0.7438642978668213
0.06041140481829643;-0.4425337016582489;0.7441814541816711
0.22656230628490448;-0.4246959388256073;1.0879337787628174
0.2806583046913147;-0.3776538372039795;0.9417556524276733
-1.2980057029210457e-08;-0.44545257091522217;1.2545640468597412
0.12752804160118103;-0.4445973038673401;1.2026697397232056
-1.3090795114578668e-08;-0.6095226407051086;1.2385145425796509
0.1194416880607605;-0.6064892411231995;1.1835232973098755
0.20829026401042938;-0.7271767258644104;1.0442214012145996
0.2639639377593994;-0.7110564112663269;0.9380804300308228
-1.2791161907443893e-08;-0.7492047548294067;1.164819598197937
0.1746438592672348;-0.7759324312210083;0.7721207141876221
0.2563437223434448;-0.7000215649604797;0.81644207239151
0.09707630425691605;-0.8333126306533813;0.8363067507743835
0.10454466193914413;-0.8547688722610474;0.9527944326400757
0.12089148163795471;-0.841549813747406;0.8863205909729004
-1.2791160131087054e-08;-0.8742724657058716;1.0475667715072632
0.0647619441151619;-0.8651196360588074;1.0289652347564697
0.07278095185756683;-0.8937361240386963;0.8739954233169556
-1.2791151249302857e-08;-0.9268843531608582;0.9689140319824219
0.03615691140294075;-0.9045543670654297;0.9734894037246704
0.20033378899097443;0.31569117307662964;0.41172346472740173
0.26205217838287354;0.3577328622341156;0.4237370193004608
0.0991295650601387;0.3371230661869049;0.5269283652305603
0.07569283246994019;0.49812769889831543;0.5395407676696777
0.1251259446144104;0.45179060101509094;0.40949547290802
0.13813824951648712;0.358614444732666;0.41437411308288574
0.24952657520771027;0.5495479702949524;0.4065943956375122
0.2079266458749771;0.5827726721763611;0.3968323767185211
0.3365709185600281;0.5144538283348083;0.6257482171058655
0.28465035557746887;0.47533950209617615;0.4296165704727173
0.19561122357845306;0.29921093583106995;0.29562148451805115
0.24831905961036682;0.32816603779792786;0.292822003364563
0.1368982046842575;0.414064884185791;0.3087864816188812
0.14507518708705902;0.34311458468437195;0.31452539563179016
0.2035503387451172;0.514807939529419;0.27577346563339233
0.16021037101745605;0.5402145981788635;0.3973168730735779
0.26596999168395996;0.4040684401988983;0.28625354170799255
0.2550833821296692;0.47449660301208496;0.27857041358947754
0.18214011192321777;-0.4037504494190216;0.5677184462547302
0.11273840814828873;-0.47951099276542664;0.5782560706138611
0.28523045778274536;-0.33990684151649475;0.8091437816619873
0.3215070366859436;-0.5377160310745239;0.7144770622253418
0.2949554920196533;-0.5571365356445312;0.5881965160369873
0.24483267962932587;-0.42633968591690063;0.5770565867424011
0.15757815539836884;-0.7542094588279724;0.5898010730743408
0.07066210359334946;-0.6244065761566162;0.5823119878768921
0.040916185826063156;-0.5760353207588196;0.7406699061393738
0.19561326503753662;-0.4942907392978668;0.42931050062179565
0.14124983549118042;-0.5437508821487427;0.4330499470233917
0.24250826239585876;-0.5113962888717651;0.4334045350551605
0.16874459385871887;-0.7475011348724365;0.4559851586818695
0.22922541201114655;-0.6882262229919434;0.452436238527298
0.09775650501251221;-0.6551345586776733;0.44471076130867004
0.11642559617757797;-0.7256820201873779;0.45095786452293396
0.10145286470651627;-0.7214738130569458;0.5878325700759888
0.18924599885940552;-0.5493940114974976;0.32024502754211426
0.14258010685443878;-0.5948574542999268;0.3292393982410431
0.24370010197162628;-0.638608455657959;0.35106927156448364
0.2286120504140854;-0.5700864791870117;0.32983797788619995
0.11111753433942795;-0.6791142225265503;0.35014787316322327
0.183952197432518;-0.5871388912200928;0.22965283691883087
0.1405854970216751;-0.6228437423706055;0.23448681831359863
0.2276400774717331;-0.6850107908248901;0.2532196044921875
0.21509788930416107;-0.6217021942138672;0.23706373572349548
0.1621517688035965;-0.7914082407951355;0.26867422461509705
0.19911369681358337;-0.7515226006507874;0.2630120515823364
0.10871478915214539;-0.6918454170227051;0.2495085597038269
0.12070287019014359;-0.7500589489936829;0.26179322600364685
0.18811652064323425;-0.10365059226751328;0.6764531135559082
0.1821289211511612;0.4913330078125;1.2586374282836914
0.14488589763641357;0.8734911680221558;1.1734763383865356
0.21889255940914154;1.0016531944274902;1.0995880365371704
0.20810039341449738;1.1088156700134277;1.068979024887085
0.13682149350643158;1.1813883781433105;0.9530456066131592
0.07893674075603485;1.2801940441131592;0.9455013275146484
0.22590045630931854;-0.24501845240592957;0.8194698691368103
1.7112107286720857e-09;0.49601781368255615;0.5135094523429871
1.2032339569145734e-09;0.6110578775405884;0.5183119773864746
0.10643583536148071;0.6260136365890503;0.528268039226532
-1.6890071563580022e-09;0.335594117641449;0.4999000132083893
0.10588837414979935;0.22737416625022888;0.5616836547851562
-5.387133406031808e-09;0.20429003238677979;0.5123715400695801
-8.85125395200248e-09;0.06707548350095749;0.5196546912193298
-1.2829242557188536e-08;-0.15338586270809174;0.5749915838241577
-1.6043463446635542e-08;-0.29799512028694153;0.6487417817115784
-1.824158957219879e-08;-0.4143933951854706;0.7141523361206055
-1.9832887332427163e-08;-0.5860666036605835;0.7388079762458801
0.0671423077583313;-0.7564452886581421;0.770216166973114
-1.646380809461334e-08;-0.7492563724517822;0.7778785228729248
-1.2791135262091302e-08;-0.86465984582901;0.8173460364341736
0.16810242831707;1.1205103397369385;1.1104726791381836
-1.2791133485734463e-08;1.226595163345337;1.1095877885818481
0.15247534215450287;1.0333571434020996;1.1734485626220703
-1.2791133485734463e-08;0.05220741033554077;1.2026267051696777
-1.2791133485734463e-08;0.19640818238258362;1.2191678285598755
-1.31076447473788e-08;0.3312493860721588;1.2650132179260254
-1.3527735376328565e-08;0.47947704792022705;1.2818189859390259
-1.3446971536268393e-08;0.7043763995170593;1.2372146844863892
-1.2791133485734463e-08;0.872748613357544;1.2111238241195679
-1.2791133485734463e-08;1.044558048248291;1.21467924118042
-1.2791133485734463e-08;1.2791922092437744;1.0386288166046143
-1.2791133485734463e-08;1.3188652992248535;0.9756575226783752
-1.2791133485734463e-08;1.4202022552490234;0.8370322585105896
-1.2791133485734463e-08;1.4274463653564453;0.7754213809967041
0.3222573399543762;0.34369269013404846;0.7420815229415894
0.22267089784145355;-0.09186079353094101;0.7901301383972168
0.23494820296764374;0.0982469990849495;0.7722949981689453
0.24732814729213715;0.24510496854782104;0.766684889793396
0.2540663182735443;0.7151203155517578;0.7612754702568054
0.18116644024848938;-0.7660928964614868;0.6969247460365295
0.0667402595281601;-0.6960703730583191;0.6841393113136292
0.22923336923122406;-0.7068470120429993;0.7137852311134338
0.0866224467754364;-0.4611332416534424;0.6715837717056274
0.1829805225133896;-0.36723706126213074;0.6539590358734131
0.11087866127490997;-0.7549143433570862;0.688665509223938
0.32611364126205444;-0.5409364104270935;0.8210647702217102
0.04188719391822815;-0.6625844240188599;0.7535196542739868
-1.8359109787979833e-08;-0.6700867414474487;0.7517018914222717
0.08130083978176117;-0.8143344521522522;0.788422703742981
-1.4490856514726147e-08;-0.8138740658760071;0.7946302890777588
0.16938604414463043;0.7772074937820435;0.7271412014961243
0.11776924133300781;0.35256630182266235;0.4735792875289917
0.1001746878027916;0.47208404541015625;0.4682430624961853
0.20081499218940735;0.6210492253303528;0.4692062437534332
0.26181352138519287;0.5897903442382812;0.48217475414276123
0.1343604028224945;0.5746468901634216;0.46426352858543396
0.19588817656040192;0.3119128346443176;0.4834407567977905
0.3101963996887207;0.49546217918395996;0.5101901292800903
0.10772188752889633;0.8252350091934204;0.7554392218589783
0.26184287667274475;0.7250404953956604;1.0463330745697021
0.32934558391571045;0.5698314905166626;1.055254340171814
0.21912410855293274;0.8605993986129761;1.0131367444992065
0.1825254261493683;0.7118915915489197;0.6283338069915771
0.11411664634943008;0.6956052780151367;0.603471040725708
-2.90191337626311e-09;0.683484673500061;0.6150191426277161
0.17249780893325806;1.2303321361541748;0.8622260689735413
0.27734237909317017;1.0660343170166016;0.8657938241958618
0.2428281605243683;1.1319730281829834;0.8375805020332336
0.10919307172298431;1.231200933456421;1.0152926445007324
0.0993117168545723;1.247642993927002;1.0291019678115845
0.1424356997013092;1.1340625286102295;1.1525822877883911
0.06820753961801529;1.2971434593200684;0.9643027186393738
0.12550385296344757;1.201267957687378;1.0852882862091064
-1.2791133485734463e-08;1.40297269821167;0.7412490844726562
0.18742458522319794;1.17402982711792;0.9419896602630615
0.1815943568944931;1.1888630390167236;0.980005145072937
0.09727013111114502;1.2556703090667725;0.9534022212028503
0.14272090792655945;1.2327182292938232;0.9837003946304321
0.10158517956733704;1.2729363441467285;0.912745475769043
-1.2791133485734463e-08;1.093212604522705;0.6622574329376221
-1.2791133485734463e-08;1.1507608890533447;0.6456136107444763
-1.2791133485734463e-08;1.2354453802108765;0.6327956318855286
-1.2791133485734463e-08;1.3927555084228516;0.6925280094146729
-1.2791133485734463e-08;1.4069206714630127;0.7226400971412659
-1.2791133485734463e-08;1.1746792793273926;1.165095567703247
-1.2791133485734463e-08;1.3911819458007812;0.8743398785591125
-1.2791133485734463e-08;1.4299674034118652;0.7965863347053528
0.07808595150709152;1.365863561630249;0.7931063771247864
0.10402726382017136;1.3483302593231201;0.8101041913032532
0.07498250901699066;1.3854622840881348;0.8123863935470581
0.09699665755033493;1.360140085220337;0.8303759694099426
0.07465533167123795;1.378908634185791;0.868625819683075
0.06874623894691467;1.403475284576416;0.8298615217208862
0.15066444873809814;1.2703251838684082;0.7301647663116455
0.09551990032196045;1.3151066303253174;0.6742510795593262
-1.2791133485734463e-08;1.3496112823486328;0.6732682585716248
-1.2791133485734463e-08;1.325798749923706;0.6232789754867554
0.06335410475730896;1.3172099590301514;0.645766019821167
-1.2791133485734463e-08;1.3501981496810913;0.661672055721283
0.21513329446315765;1.1524200439453125;1.037801742553711
0.13908357918262482;1.1782231330871582;1.059934377670288
0.17752064764499664;1.1970970630645752;0.9187045097351074
0.24682848155498505;1.137688398361206;0.9018696546554565
0.13956156373023987;1.109065294265747;1.1716668605804443
-1.2791133485734463e-08;1.1112570762634277;1.1987820863723755
0.23207606375217438;0.9670137166976929;0.7620024085044861
0.27467480301856995;0.9881742596626282;0.9006142020225525
0.27882272005081177;1.0212299823760986;0.8081493973731995
0.0774885043501854;1.2322602272033691;1.0662486553192139
-1.2791133485734463e-08;1.2672443389892578;1.0652412176132202
0.23608368635177612;1.0724401473999023;0.7756965160369873
0.13075460493564606;1.1568641662597656;0.7039892673492432
0.18114051222801208;1.1362993717193604;0.7323966026306152
0.14249680936336517;1.229182481765747;0.7193121910095215
0.17491182684898376;1.2054028511047363;0.7988229990005493
0.22385774552822113;0.8081598877906799;0.8654584884643555
0.061237141489982605;1.38399076461792;0.6818628311157227
0.0657024011015892;1.4079341888427734;0.7228236794471741
0.14919842779636383;-0.7940787672996521;0.8335468173027039
0.32520565390586853;0.5929237604141235;0.920546293258667
0.2954867482185364;0.6819857954978943;0.9052904844284058
0.28268662095069885;0.6509886384010315;1.0592472553253174
0.2499653846025467;0.7021307945251465;1.1159169673919678
0.16531328856945038;0.7393800616264343;1.2047576904296875
0.15544049441814423;0.7981386184692383;1.1915563344955444
0.23791147768497467;0.33111372590065;0.49492698907852173
0.28469860553741455;0.3805510997772217;0.5067570805549622
0.3239484429359436;0.5106327533721924;0.5583245754241943
0.3240864872932434;0.42885851860046387;0.6132670044898987
0.29041585326194763;0.6429444551467896;0.6805782914161682
0.32625722885131836;0.5885018706321716;0.6987324953079224
0.26938706636428833;0.4060528874397278;0.4213155210018158
0.21236035227775574;0.9221230149269104;1.1059383153915405
0.14834700524806976;0.9540459513664246;1.171870231628418
0.27731889486312866;0.465911328792572;0.397731214761734
0.17591595649719238;0.5634104013442993;1.2480231523513794
0.17495779693126678;0.6336154341697693;1.2336225509643555
-1.3907503593202364e-08;0.5945638418197632;1.2697221040725708
-1.2806861349190513e-08;0.7892767190933228;1.2197669744491577
0.2477542757987976;0.5275067090988159;0.3633200526237488
0.2355293184518814;0.15107151865959167;0.8981739282608032
0.2282576560974121;0.2427000105381012;0.6938325762748718
0.2415720671415329;0.17624139785766602;0.7677701711654663
0.26343291997909546;0.2963654696941376;0.6242815852165222
-1.3383620434126442e-08;0.42234769463539124;1.2771692276000977
0.294037789106369;0.29586848616600037;0.9059215188026428
0.2628042697906494;0.29101884365081787;1.0904568433761597
0.16239701211452484;0.4843674302101135;0.29863861203193665
0.16333259642124176;0.5065097808837891;0.33567965030670166
0.3227372467517853;0.4917401671409607;1.0780521631240845
0.20936311781406403;0.5492634773254395;0.3364248275756836
0.2804702818393707;0.4121737480163574;1.1647733449935913
0.3447340130805969;0.43294453620910645;0.8820104598999023
0.35908183455467224;0.48457103967666626;0.8683764934539795
0.32294490933418274;0.3933860957622528;1.0193378925323486
0.30012306571006775;0.36234867572784424;1.0654139518737793
0.2566458284854889;0.25534260272979736;1.0004048347473145
0.2722648084163666;0.627089262008667;1.1443109512329102
0.19831344485282898;0.294607937335968;1.188672423362732
0.2147045135498047;0.423525869846344;1.2311166524887085
0.15754097700119019;0.36327245831489563;1.2444509267807007
0.30301764607429504;0.42979201674461365;1.086650013923645
0.22918587923049927;-0.4533904790878296;1.088200330734253
0.23276512324810028;-0.4925379157066345;1.0885637998580933
0.309961199760437;-0.4608674645423889;0.8196642994880676
0.2958264946937561;-0.39433395862579346;0.8041744828224182
0.29790741205215454;-0.4609144330024719;0.9504335522651672
0.29751336574554443;-0.4713350832462311;0.6965595483779907
0.26046276092529297;-0.6302529573440552;0.592059314250946
0.3081552982330322;-0.5364438891410828;0.6518896818161011
0.0680093988776207;-0.317603200674057;0.6913009881973267
0.16643543541431427;-0.3054455518722534;0.7383657097816467
0.2612113356590271;-0.3070693612098694;0.8147377967834473
0.24115212261676788;-0.2693192958831787;0.8170915246009827
0.2570796012878418;-0.27611789107322693;0.92641282081604
0.26905983686447144;-0.33174774050712585;0.9466333389282227
-1.1115429465746729e-08;-0.04143921285867691;0.5369667410850525
0.1125846579670906;-0.014053707011044025;0.5873084664344788
0.22640864551067352;-0.034720391035079956;0.780191957950592
0.22973977029323578;0.016683820635080338;0.7757114171981812
0.23240432143211365;0.05821406468749046;0.7733994126319885
0.1166355088353157;-0.06746415793895721;1.1560407876968384
0.11780714988708496;-0.011262192390859127;1.1568002700805664
0.11892259120941162;0.042276740074157715;1.1579258441925049
0.11804231256246567;-0.17517659068107605;1.1653697490692139
0.11976166069507599;-0.21129277348518372;1.1715898513793945
-1.2791133485734463e-08;-0.244029700756073;1.2189745903015137
0.1221066564321518;0.07272779941558838;1.1594345569610596
0.136605903506279;0.14354778826236725;1.1654398441314697
0.14528512954711914;0.18599717319011688;1.1694666147232056
0.12258203327655792;-0.31647247076034546;1.1874984502792358
0.1260330080986023;-0.3895058035850525;1.1958932876586914
0.04080771282315254;0.05457732826471329;1.1875741481781006
0.1740172803401947;-0.209951713681221;0.7133875489234924
0.17989958822727203;-0.16568297147750854;0.6979214549064636
0.23727738857269287;0.1255081295967102;0.7702562212944031
0.21288669109344482;0.11933518946170807;1.0373305082321167
0.22901509702205658;0.1796625405550003;1.0393245220184326
0.20366457104682922;0.12871477007865906;0.6297386288642883
0.20551271736621857;0.16608169674873352;0.6273409724235535
0.22780603170394897;0.1199323907494545;0.8977509140968323
-1.2791133485734463e-08;-0.008265942335128784;1.2015103101730347
0.20187000930309296;-0.1569625288248062;1.0486294031143188
0.2092488706111908;-0.23378558456897736;1.0574212074279785
-1.2791133485734463e-08;0.13872060179710388;1.212364673614502
0.218796506524086;-0.3470814824104309;1.0748652219772339
0.23597435653209686;-0.18567001819610596;0.9150243997573853
0.10421758145093918;-0.18777069449424744;0.6460548639297485
0.20017868280410767;0.0024402460549026728;1.03799569606781
0.19859738647937775;-0.06833246350288391;1.0408307313919067
0.21596737205982208;-0.07470165193080902;0.9039866924285889
0.21712900698184967;-0.039720430970191956;0.9008031487464905
0.21856491267681122;0.003726550843566656;0.8987570405006409
0.21946798264980316;0.031192529946565628;0.8979830145835876
0.2002602517604828;0.07155550271272659;0.6355461478233337
0.1965925097465515;0.017815615981817245;0.6436200141906738
0.1897883415222168;-0.07992212474346161;0.6678673028945923
-1.2791133485734463e-08;-0.3660815358161926;1.240262508392334
0.22795788943767548;-0.21689575910568237;0.9823642373085022
0.15704376995563507;-0.2249504178762436;1.1324907541275024
0.1594262421131134;0.08683039993047714;1.1074808835983276
0.22256329655647278;0.1582064926624298;0.6957574486732483
0.15192236006259918;0.03110220655798912;1.1088935136795044
0.20570622384548187;0.22059178352355957;1.0930759906768799
0.15600480139255524;0.2314782738685608;1.184107780456543
0.1661807894706726;0.2687835991382599;1.205273985862732
-1.2791133485734463e-08;0.2735811769962311;1.2458146810531616
0.226606547832489;-0.7303587198257446;0.8231883645057678
0.18443292379379272;-0.7631481289863586;0.8280202150344849
0.15641747415065765;-0.7909728288650513;0.9982922077178955
0.23129533231258392;-0.7408528327941895;0.9263659715652466
0.19245712459087372;-0.7762763500213623;0.9123507142066956
0.07912624627351761;-0.8698803186416626;0.9378873705863953
0.2075805366039276;-0.7181999683380127;0.34250497817993164
0.24829721450805664;-0.6750333309173584;0.6357443928718567
0.16641898453235626;-0.7654739618301392;0.3560646176338196
0.12698927521705627;-0.7319798469543457;0.3937804400920868
0.2905815839767456;-0.6518672704696655;0.9502995014190674
0.2214023470878601;-0.6696268320083618;1.0622233152389526
0.2726345658302307;-0.6394241452217102;0.6980013847351074
0.28784292936325073;-0.6281991004943848;0.8184605240821838
0.09310536831617355;-0.7923004031181335;1.0758661031723022
0.12970326840877533;-0.7409981489181519;0.34372133016586304
0.18716178834438324;-0.7393196821212769;0.5894728302955627
0.21855171024799347;-0.7103340029716492;0.5915625691413879
0.16779159009456635;-0.7546340227127075;0.40307727456092834
0.15485377609729767;-0.7359145283699036;1.0840673446655273
0.21822209656238556;-0.7005215883255005;0.4069187641143799
0.2783908247947693;-0.5950427651405334;0.5104464888572693
0.2676733732223511;-0.5955469608306885;0.46152329444885254
0.19173036515712738;-0.46792227029800415;0.4705214202404022
0.10236848145723343;-0.6634119749069214;0.4122655987739563
0.24168409407138824;-0.46074530482292175;0.5182828307151794
0.26989465951919556;-0.49118855595588684;0.5843757390975952
0.3083460330963135;-0.5983341336250305;0.9596921801567078
0.24460554122924805;-0.38058599829673767;0.6790099143981934
0.3029036521911621;-0.5416821837425232;0.9765747785568237
0.25419890880584717;-0.40509968996047974;0.6331833004951477
0.24823829531669617;-0.41863369941711426;0.5974132418632507
0.31390732526779175;-0.5941089987754822;0.9104940891265869
0.318017840385437;-0.5380839109420776;0.8674010038375854
0.2774302363395691;-0.3557860255241394;0.7653846144676208
0.32756006717681885;-0.5660717487335205;0.7437623143196106
0.23325714468955994;-0.617595374584198;1.0785948038101196
0.30294567346572876;-0.5937626957893372;0.8195755481719971
0.20166043937206268;-0.35919666290283203;0.7151067852973938
0.31353437900543213;-0.5161949992179871;0.913741946220398
0.23715339601039886;-0.5442355275154114;1.0899128913879395
-1.2859344700189013e-08;-0.6787624955177307;1.2090500593185425
0.11421403288841248;-0.673351526260376;1.1646442413330078
0.11405973881483078;-0.7216694951057434;1.1322803497314453
-1.3129310083570545e-08;-0.484943687915802;1.2507010698318481
-1.3295180956163222e-08;-0.5586995482444763;1.2434861660003662
0.12475063651800156;-0.5002017021179199;1.1960935592651367
0.12192454189062119;-0.5448142886161804;1.191233515739441
0.18842117488384247;-0.5536384582519531;1.1433838605880737
0.07449247688055038;-0.5408163070678711;1.2198340892791748
0.18239663541316986;-0.65766441822052;1.109458327293396
0.2248390167951584;-0.19467660784721375;0.8099012970924377
0.22400641441345215;-0.1552397608757019;0.8021988272666931
0.22647452354431152;-0.14489293098449707;0.9109944701194763
0.23452970385551453;-0.6831950545310974;0.5598475933074951
0.2324889600276947;-0.6830497980117798;0.49990856647491455
0.2599559426307678;-0.6276018023490906;0.5273892283439636
0.20072278380393982;-0.7208878397941589;0.48652663826942444
0.36176544427871704;0.5303295254707336;0.8397486209869385
0.3473747968673706;0.47896215319633484;0.7216792106628418
0.3381471633911133;0.42658036947250366;0.7291491627693176
0.285938024520874;0.295680969953537;0.7534985542297363
0.24372293055057526;0.6850583553314209;0.6611737608909607
0.26874589920043945;0.6901056170463562;0.7334583401679993
0.16348956525325775;0.7380938529968262;0.6457865238189697
0.2143094539642334;0.7160226106643677;0.6882006525993347
0.21748797595500946;0.7624445557594299;0.7992756366729736
0.13034451007843018;0.7858500480651855;0.7122674584388733
0.13257244229316711;0.8029205203056335;0.7411622405052185
0.1429436206817627;0.7594569325447083;0.6725978851318359
0.03554669767618179;-0.870383083820343;0.8256034851074219
-1.2791161907443893e-08;-0.8224950432777405;1.1046797037124634
-1.2791133485734463e-08;-0.9733164310455322;0.8368021845817566
0.038193948566913605;-0.8925043940544128;0.7892107367515564
0.038031309843063354;-0.9364529848098755;0.898016631603241
-1.2791137038448142e-08;-0.9538497924804688;0.9041987061500549
0.12452944368124008;1.174346685409546;0.95048588514328
0.12562352418899536;1.1795494556427002;0.9855811595916748
0.1140366941690445;1.1968936920166016;0.9861056804656982
0.12320486456155777;1.1716115474700928;0.9690396189689636
0.10494353622198105;1.1906371116638184;0.9650517702102661
0.11299221962690353;1.1902885437011719;0.9430508613586426
0.10827945917844772;1.2101624011993408;0.9437072277069092
0.10885492712259293;1.2157466411590576;0.9788837432861328
0.1026267558336258;1.2156810760498047;0.9609875679016113
0.1322263777256012;1.1961026191711426;0.9332438707351685
0.15935072302818298;1.2111201286315918;0.9623922109603882
0.1556347906589508;1.186305046081543;0.9495401978492737
0.161407008767128;1.1862375736236572;0.9679216742515564
0.14194637537002563;1.1756374835968018;0.9470531344413757
0.1337481588125229;1.2054107189178467;0.9939568638801575
0.14642658829689026;1.1697461605072021;0.9707260131835938
0.14337058365345;1.181938648223877;0.9899415969848633
0.15693384408950806;1.1913971900939941;0.9845374226570129
0.15240320563316345;1.21126389503479;0.9841711521148682
0.12256944179534912;1.2194631099700928;0.9379663467407227
0.13979636132717133;1.2218997478485107;0.9417266249656677
0.15110483765602112;1.2047901153564453;0.9413206577301025
0.11833488196134567;1.2321267127990723;0.9580399394035339
0.14042487740516663;1.2274503707885742;0.9767513275146484
0.14155487716197968;1.230067491531372;0.9582768082618713
0.1230909675359726;1.2263364791870117;0.9810166954994202
-1.2791133485734463e-08;0.9337389469146729;1.215327501296997
0.16501612961292267;1.1675701141357422;1.055454969406128
0.19526168704032898;1.1775293350219727;1.0062179565429688
-1.2791133485734463e-08;1.0021634101867676;1.2150033712387085
0.11772799491882324;-0.5924125909805298;0.12685580551624298
0.16344158351421356;-0.7037680149078369;0.09267475455999374
0.08766518533229828;-0.5553305149078369;0.0705147385597229
0.16372457146644592;-0.67699134349823;-0.0008431677124463022
0.20986101031303406;-0.6851469278335571;0.09993082284927368
0.20977722108364105;-0.6652008295059204;-0.0008431680616922677
0.10977636277675629;-0.5569131970405579;0.09020697325468063
0.11478285491466522;-0.6481109857559204;-0.0008431750466115773
0.1063685268163681;-0.6701016426086426;0.099105603992939
0.1637762039899826;-0.542011022567749;0.10078029334545135
0.23513303697109222;-0.5713042616844177;0.08549564331769943
0.1672421097755432;-0.5164527297019958;0.08826213330030441
0.16854263842105865;-0.5624163746833801;-0.0008431802853010595
0.12810678780078888;-0.5522563457489014;-0.0008431802853010595
0.20321525633335114;-0.5734037756919861;-0.000843179237563163
0.2520277798175812;-0.5370293855667114;0.0650702565908432
0.1322232335805893;-0.5142558813095093;0.07795415818691254
0.1691523939371109;-0.5009550452232361;-0.0008431802853010595
0.20812217891216278;-0.5246152281761169;0.07548867166042328
0.16233235597610474;-0.575946569442749;0.13536076247692108
0.21352656185626984;-0.6039338111877441;0.12739740312099457
0.08840020000934601;-0.5561426877975464;-0.0008431791211478412
0.13057450950145721;-0.5021899342536926;-0.0008431802853010595
0.25269296765327454;-0.5385631918907166;-0.0008431794121861458
0.21021603047847748;-0.516261637210846;-0.0008431802853010595
0.07903797924518585;-0.4890725910663605;-0.0008431797032244503
0.08598311245441437;-0.46168121695518494;-0.0008431798196397722
0.08709745109081268;-0.4598187506198883;0.03593122586607933
0.08085374534130096;-0.48428621888160706;0.06317509710788727
0.21428699791431427;-0.451031357049942;0.032658278942108154
0.21961824595928192;-0.46745625138282776;0.06158395856618881
0.11878874897956848;-0.471755713224411;0.0646708607673645
0.11304663121700287;-0.4531218707561493;0.035984039306640625
0.22499866783618927;-0.4891056716442108;0.05440450459718704
0.23320220410823822;-0.4814842641353607;0.03148830309510231
0.1956896036863327;-0.44243165850639343;0.033516302704811096
0.18273355066776276;-0.4530395567417145;0.06977774947881699
0.13113731145858765;-0.46190324425697327;-0.0008431802853010595
0.13752701878547668;-0.44791534543037415;-0.0008431802853010595
0.16181160509586334;-0.4471767842769623;-0.0008431802853010595
0.16956044733524323;-0.46172645688056946;-0.0008431802853010595
0.1683172881603241;-0.45056310296058655;0.06813807040452957
0.16227813065052032;-0.4364455044269562;0.033146269619464874
0.25244733691215515;-0.49126914143562317;0.030680622905492783
0.25733262300491333;-0.5087742209434509;0.051676079630851746
0.1367362141609192;-0.43846508860588074;0.0317859873175621
0.12727206945419312;-0.45515313744544983;0.06302941590547562
0.1803090125322342;-0.46585068106651306;-0.0008431802853010595
0.19402165710926056;-0.4538591206073761;-0.0008431802853010595
0.2516993582248688;-0.4920754134654999;-0.0008431797032244503
0.2579822540283203;-0.508758544921875;-0.0008431795286014676
0.22019417583942413;-0.49211469292640686;-0.0008431801688857377
0.23141862452030182;-0.48119208216667175;-0.000843179936055094
0.11657816171646118;-0.458228200674057;-0.0008431801106780767
0.12296141684055328;-0.47589758038520813;-0.0008431802853010595
0.21347947418689728;-0.4620470702648163;-0.0008431802853010595
0.21695862710475922;-0.4764081537723541;-0.0008431802853010595
0.16346006095409393;-0.6877851486206055;0.05110110715031624
0.11252664029598236;-0.6566480398178101;0.062350571155548096
0.2086237221956253;-0.6702120304107666;0.05409960821270943
0.13846541941165924;0.44553008675575256;0.14076019823551178
0.1829914152622223;0.3138253688812256;0.13115397095680237
0.10905840247869492;0.47384727001190186;0.08605054765939713
0.19162870943546295;0.34572362899780273;0.0008346939575858414
0.24470609426498413;0.32639041543006897;0.1351683884859085
0.25552263855934143;0.3502339720726013;0.0008346940157935023
0.13499082624912262;0.4719911217689514;0.10914601385593414
0.1378832757472992;0.3688719868659973;0.0008346941904164851
0.13299885392189026;0.3502691984176636;0.130526602268219
0.19832299649715424;0.4894685745239258;0.12154662609100342
0.28130361437797546;0.4459332227706909;0.09753800928592682
0.20238791406154633;0.5194438099861145;0.1068650633096695
0.20391318202018738;0.46553677320480347;0.000834696926176548
0.15648917853832245;0.47745269536972046;0.0008346965769305825
0.24457794427871704;0.45265060663223267;0.0008346965769305825
0.3018262982368469;0.49531108140945435;0.07966513931751251
0.16131700575351715;0.5220203399658203;0.09477566182613373
0.20462825894355774;0.537619948387146;0.000834696926176548
0.25033289194107056;0.5098707675933838;0.09188409149646759
0.19690899550914764;0.4715525507926941;0.1469147503376007
0.2687967121601105;0.4444032907485962;0.1475711166858673
0.1099204272031784;0.472894549369812;0.000834696285892278
0.15938334167003632;0.5361716151237488;0.0008346966351382434
0.302606463432312;0.49351227283477783;0.0008346965769305825
0.25278860330581665;0.5196680426597595;0.000834696926176548
0.09894022345542908;0.5515559911727905;0.0008346964023075998
0.10708561539649963;0.5836811661720276;0.0008346964605152607
0.10839256644248962;0.5858654379844666;0.045490287244319916
0.10106977820396423;0.5571694374084473;0.077442467212677
0.25756311416625977;0.5961714386940002;0.04165169596672058
0.263815701007843;0.5769081115722656;0.07557634264230728
0.14556077122688293;0.5718655586242676;0.07919672131538391
0.13882631063461304;0.5937196612358093;0.04555221647024155
0.2701259255409241;0.5515172481536865;0.06715613603591919
0.27974724769592285;0.5604556798934937;0.04027952253818512
0.2357516884803772;0.606257438659668;0.0426580086350441
0.2205565869808197;0.5938162207603455;0.0851861983537674
0.16004341840744019;0.5834206938743591;0.000834696926176548
0.1675374060869217;0.5998260974884033;0.000834696926176548
0.19601885974407196;0.6006922721862793;0.000834696926176548
0.20510688424110413;0.5836281180381775;0.000834696926176548
0.2036488652229309;0.5967206954956055;0.08326313644647598
0.19656601548194885;0.6132781505584717;0.04222402721643448
0.3023183345794678;0.5489798784255981;0.03933224827051163
0.308047890663147;0.5284494757652283;0.06395617127418518
0.16660994291305542;0.6109095215797424;0.04062865674495697
0.15551018714904785;0.5913375020027161;0.07727160304784775
0.21771299839019775;0.578791081905365;0.000834696926176548
0.23379552364349365;0.5928550958633423;0.000834696926176548
0.30144113302230835;0.5480342507362366;0.0008346966351382434
0.3088098168373108;0.5284678339958191;0.0008346965769305825
0.26449114084243774;0.5479879379272461;0.0008346967515535653
0.2776554822921753;0.5607982873916626;0.0008346966351382434
0.14296813309192657;0.587730884552002;0.0008346965187229216
0.1504545658826828;0.567007839679718;0.0008346965187229216
0.2566160559654236;0.5832520127296448;0.000834696926176548
0.2606964707374573;0.5664089918136597;0.000834696926176548
0.1874220371246338;0.3283059597015381;0.05908319726586342
0.13665786385536194;0.3603496551513672;0.07006789743900299
0.2449733316898346;0.3359776735305786;0.06163812056183815
0.2203378975391388;-0.6495219469070435;0.1120532900094986
0.22270749509334564;-0.6270493865013123;0.06083562225103378
0.23630525171756744;-0.6029635667800903;-0.000843177258502692
0.10385116934776306;-0.6263779401779175;0.11304088681936264
0.0951099842786789;-0.5983226895332336;-0.0008431773167103529
0.10235960781574249;-0.601978063583374;0.07135569304227829
0.2833866477012634;0.4179823398590088;0.0008346957620233297
0.2701432406902313;0.3843618631362915;0.14163964986801147
0.27564457058906555;0.3951528072357178;0.07130205631256104
0.11858510971069336;0.4184267520904541;0.08689482510089874
0.12188736349344254;0.40208879113197327;0.13343973457813263
0.11794786900281906;0.4273184537887573;0.0008346953545697033
-0.20186494290828705;0.07831358164548874;1.0368162393569946
-0.19774137437343597;-0.10656409710645676;1.0428346395492554
-0.22154396772384644;0.0948125496506691;0.8977989554405212
-0.3643326759338379;0.5711681842803955;0.8096596002578735
-0.11627257615327835;0.09310218691825867;0.5695527791976929
-0.108896903693676;-0.1246933564543724;0.6209003925323486
-0.25247877836227417;0.22383655607700348;0.8998364806175232
-0.24158580601215363;0.22688907384872437;1.0417441129684448
-0.05484486371278763;-0.5962284803390503;0.677560031414032
-0.20918716490268707;0.24140691757202148;0.6251218318939209
-0.3330475091934204;0.3500172197818756;0.8748202323913574
-0.2841637134552002;0.3544769585132599;1.136869192123413
-0.19106587767601013;0.29774996638298035;0.554672360420227
-0.31038564443588257;0.3356941342353821;0.622635543346405
-0.28967970609664917;0.5162269473075867;1.1734251976013184
-0.2580794095993042;0.7465110421180725;0.8897954821586609
-0.23992769420146942;0.7089810371398926;1.1612411737442017
-0.2064496874809265;0.8976014852523804;0.8198014497756958
-0.20482127368450165;0.8432576060295105;1.1348520517349243
-0.19200114905834198;0.6679569482803345;0.5446773767471313
-0.35510554909706116;0.525240421295166;0.714144766330719
-0.0839824452996254;0.7968629002571106;0.6880012154579163
-0.27186286449432373;0.6299275159835815;0.569354772567749
-0.23554939031600952;1.1084966659545898;1.0162028074264526
-0.108949214220047;0.8765119910240173;0.7507579326629639
-0.2675492465496063;1.0599327087402344;0.9772417545318604
-0.14232198894023895;0.9855384230613708;0.6834034323692322
-0.21007074415683746;1.049579381942749;1.2152373790740967
-0.229973703622818;1.047456979751587;1.1904162168502808
-0.23580949008464813;1.064922571182251;1.1922821998596191
-0.21595615148544312;1.0671722888946533;1.2165876626968384
-0.19400009512901306;1.0889310836791992;0.7347000241279602
-0.2146347612142563;1.145089864730835;0.9625676870346069
-0.12779761850833893;1.1117568016052246;0.6991696953773499
-0.08731145411729813;1.182342529296875;0.6687285900115967
-0.1319112479686737;1.3264005184173584;0.7742576599121094
-0.11893634498119354;1.278791904449463;0.8646547198295593
-0.09881660342216492;1.2469894886016846;0.6627141237258911
-0.14917749166488647;1.3508615493774414;0.7377866506576538
-0.11285603046417236;1.3610446453094482;0.6789629459381104
-0.12298190593719482;1.3911106586456299;0.7273585200309753
-0.16729356348514557;-0.2606000006198883;0.7306485176086426
-0.09768052399158478;-0.2757808566093445;0.6801192760467529
-0.2081720381975174;-0.2928508222103119;1.0739279985427856
-0.25013187527656555;-0.2465977668762207;0.9206811785697937
-0.1155024915933609;-0.12184721231460571;1.155487298965454
-0.12309950590133667;-0.281406044960022;1.1825960874557495
-0.16574452817440033;-0.3417479991912842;0.7438642978668213
-0.06041144207119942;-0.4425337016582489;0.7441814541816711
-0.22656235098838806;-0.4246959388256073;1.0879337787628174
-0.2806583344936371;-0.3776538372039795;0.9417556524276733
-0.12752807140350342;-0.4445973038673401;1.2026697397232056
-0.11944172531366348;-0.6064892411231995;1.1835232973098755
-0.20829030871391296;-0.7271767258644104;1.0442214012145996
-0.2639639675617218;-0.7110564112663269;0.9380804300308228
-0.17464390397071838;-0.7759324312210083;0.7721207141876221
-0.2563437521457672;-0.7000215649604797;0.81644207239151
-0.09707633405923843;-0.8333126306533813;0.8363067507743835
-0.10454469174146652;-0.8547688722610474;0.9527944326400757
-0.1208915114402771;-0.841549813747406;0.8863205909729004
-0.06476197391748428;-0.8651196360588074;1.0289652347564697
-0.07278098165988922;-0.8937361240386963;0.8739954233169556
-0.03615693375468254;-0.9045543670654297;0.9734894037246704
-0.20033381879329681;0.31569117307662964;0.41172346472740173
-0.26205217838287354;0.3577328622341156;0.4237370193004608
-0.0991295650601387;0.3371230661869049;0.5269283652305603
-0.07569283246994019;0.49812769889831543;0.5395407676696777
-0.1251259446144104;0.45179060101509094;0.40949547290802
-0.13813826441764832;0.358614444732666;0.41437411308288574
-0.24952657520771027;0.5495479702949524;0.4065943956375122
-0.2079266458749771;0.5827726721763611;0.3968323767185211
-0.3365708589553833;0.5144538283348083;0.6257482171058655
-0.28465035557746887;0.47533950209617615;0.4296165704727173
-0.19561125338077545;0.29921093583106995;0.29562148451805115
-0.2483190894126892;0.32816603779792786;0.292822003364563
-0.1368982195854187;0.414064884185791;0.3087864816188812
-0.1450752168893814;0.34311458468437195;0.31452539563179016
-0.20355036854743958;0.514807939529419;0.27577346563339233
-0.16021037101745605;0.5402145981788635;0.3973168730735779
-0.26596999168395996;0.4040684401988983;0.28625354170799255
-0.2550833821296692;0.47449660301208496;0.27857041358947754
-0.18214015662670135;-0.4037504494190216;0.5677184462547302
-0.11273845285177231;-0.47951099276542664;0.5782560706138611
-0.28523048758506775;-0.33990684151649475;0.8091437816619873
-0.321507066488266;-0.5377160310745239;0.7144770622253418
-0.2949555218219757;-0.5571365356445312;0.5881965160369873
-0.24483272433280945;-0.42633968591690063;0.5770565867424011
-0.15757820010185242;-0.7542094588279724;0.5898010730743408
-0.07066214084625244;-0.6244065761566162;0.5823119878768921
-0.04091622307896614;-0.5760353207588196;0.7406699061393738
-0.195613294839859;-0.4942907392978668;0.42931050062179565
-0.1412498652935028;-0.5437508821487427;0.4330499470233917
-0.24250829219818115;-0.5113962888717651;0.4334045350551605
-0.16874462366104126;-0.7475011348724365;0.4559851586818695
-0.22922544181346893;-0.6882262229919434;0.452436238527298
-0.0977565348148346;-0.6551345586776733;0.44471076130867004
-0.11642562597990036;-0.7256820201873779;0.45095786452293396
-0.10145290195941925;-0.7214738130569458;0.5878325700759888
-0.1892460286617279;-0.5493940114974976;0.32024502754211426
-0.14258013665676117;-0.5948574542999268;0.3292393982410431
-0.24370013177394867;-0.638608455657959;0.35106927156448364
-0.22861208021640778;-0.5700864791870117;0.32983797788619995
-0.11111756414175034;-0.6791142225265503;0.35014787316322327
-0.1839522272348404;-0.5871388912200928;0.22965283691883087
-0.1405855268239975;-0.6228437423706055;0.23448681831359863
-0.22764010727405548;-0.6850108504295349;0.2532196044921875
-0.21509791910648346;-0.6217021942138672;0.23706373572349548
-0.16215179860591888;-0.7914082407951355;0.26867422461509705
-0.19911372661590576;-0.7515226006507874;0.2630120515823364
-0.10871481895446777;-0.6918454170227051;0.2495085597038269
-0.12070289999246597;-0.7500589489936829;0.26179322600364685
-0.18811655044555664;-0.10365059226751328;0.6764531135559082
-0.18212896585464478;0.4913330078125;1.2586374282836914
-0.14488592743873596;0.8734911680221558;1.1734763383865356
-0.21889258921146393;1.0016531944274902;1.0995880365371704
-0.20810042321681976;1.1088156700134277;1.068979024887085
-0.13682152330875397;1.1813883781433105;0.9530456066131592
-0.07893677055835724;1.2801940441131592;0.9455013275146484
-0.22590048611164093;-0.24501845240592957;0.8194698691368103
-0.10643584281206131;0.6260136365890503;0.528268039226532
-0.10588838905096054;0.22737416625022888;0.5616836547851562
-0.06714234501123428;-0.7564452886581421;0.770216166973114
-0.1681024581193924;1.1205103397369385;1.1104726791381836
-0.15247537195682526;1.0333571434020996;1.1734485626220703
-0.32225731015205383;0.34369269013404846;0.7420815229415894
-0.22267092764377594;-0.09186079353094101;0.7901301383972168
-0.23494821786880493;0.0982469990849495;0.7722949981689453
-0.24732816219329834;0.24510496854782104;0.766684889793396
-0.2540663480758667;0.7151203155517578;0.7612754702568054
-0.18116648495197296;-0.7660928964614868;0.6969247460365295
-0.06674029678106308;-0.6960703730583191;0.6841393113136292
-0.22923341393470764;-0.7068470120429993;0.7137852311134338
-0.08662249147891998;-0.4611332416534424;0.6715837717056274
-0.18298056721687317;-0.36723706126213074;0.6539590358734131
-0.11087869852781296;-0.7549143433570862;0.688665509223938
-0.32611367106437683;-0.5409364104270935;0.8210647702217102
-0.041887227445840836;-0.6625844240188599;0.7535196542739868
-0.08130087703466415;-0.8143344521522522;0.788422703742981
-0.16938607394695282;0.7772074937820435;0.7271412014961243
-0.11776924878358841;0.35256630182266235;0.4735792875289917
-0.1001746878027916;0.47208404541015625;0.4682430624961853
-0.20081500709056854;0.6210492253303528;0.4692062437534332
-0.26181352138519287;0.5897903442382812;0.48217475414276123
-0.1343604177236557;0.5746468901634216;0.46426352858543396
-0.1958881914615631;0.3119128346443176;0.4834407567977905
-0.3101963400840759;0.49546217918395996;0.5101901292800903
-0.10772191733121872;0.8252350091934204;0.7554392218589783
-0.26184290647506714;0.7250404953956604;1.0463330745697021
-0.32934558391571045;0.5698314905166626;1.055254340171814
-0.21912413835525513;0.8605993986129761;1.0131367444992065
-0.18252544105052948;0.7118915915489197;0.6283338069915771
-0.11411666125059128;0.6956052780151367;0.603471040725708
-0.17249783873558044;1.2303321361541748;0.8622260689735413
-0.27734237909317017;1.0660343170166016;0.8657938241958618
-0.24282819032669067;1.1319730281829834;0.8375805020332336
-0.1091931015253067;1.231200933456421;1.0152926445007324
-0.09931174665689468;1.247642993927002;1.0291019678115845
-0.1424357295036316;1.1340625286102295;1.1525822877883911
-0.06820756942033768;1.2971434593200684;0.9643027186393738
-0.12550388276576996;1.201267957687378;1.0852882862091064
-0.18742461502552032;1.17402982711792;0.9419896602630615
-0.1815943866968155;1.1888630390167236;0.980005145072937
-0.09727016091346741;1.2556703090667725;0.9534022212028503
-0.14272093772888184;1.2327182292938232;0.9837003946304321
-0.10158520936965942;1.2729363441467285;0.912745475769043
-0.07808598130941391;1.365863561630249;0.7931063771247864
-0.10402729362249374;1.3483302593231201;0.8101041913032532
-0.07498253881931305;1.3854622840881348;0.8123863935470581
-0.09699668735265732;1.360140085220337;0.8303759694099426
-0.07465536147356033;1.378908634185791;0.868625819683075
-0.06874626874923706;1.403475284576416;0.8298615217208862
-0.15066447854042053;1.2703251838684082;0.7301647663116455
-0.09551993012428284;1.3151066303253174;0.6742510795593262
-0.06335413455963135;1.3172099590301514;0.645766019821167
-0.21513332426548004;1.1524200439453125;1.037801742553711
-0.1390836089849472;1.1782231330871582;1.059934377670288
-0.17752067744731903;1.1970970630645752;0.9187045097351074
-0.24682851135730743;1.137688398361206;0.9018696546554565
-0.13956159353256226;1.109065294265747;1.1716668605804443
-0.23207609355449677;0.9670137166976929;0.7620024085044861
-0.27467480301856995;0.9881742596626282;0.9006142020225525
-0.27882272005081177;1.0212299823760986;0.8081493973731995
-0.07748853415250778;1.2322602272033691;1.0662486553192139
-0.2360837161540985;1.0724401473999023;0.7756965160369873
-0.13075463473796844;1.1568641662597656;0.7039892673492432
-0.18114054203033447;1.1362993717193604;0.7323966026306152
-0.14249683916568756;1.229182481765747;0.7193121910095215
-0.17491185665130615;1.2054028511047363;0.7988229990005493
-0.2238577902317047;0.8081598877906799;0.8654584884643555
-0.061237163841724396;1.38399076461792;0.6818628311157227
-0.06570243090391159;1.4079341888427734;0.7228236794471741
-0.14919845759868622;-0.7940787672996521;0.8335468173027039
-0.3252056837081909;0.5929237604141235;0.920546293258667
-0.2954867482185364;0.6819857954978943;0.9052904844284058
-0.28268665075302124;0.6509886384010315;1.0592472553253174
-0.24996542930603027;0.7021307945251465;1.1159169673919678
-0.16531331837177277;0.7393800616264343;1.2047576904296875
-0.1554405242204666;0.7981386184692383;1.1915563344955444
-0.23791149258613586;0.33111372590065;0.49492698907852173
-0.2846985459327698;0.3805510997772217;0.5067570805549622
-0.3239484429359436;0.5106327533721924;0.5583245754241943
-0.3240864872932434;0.42885851860046387;0.6132670044898987
-0.29041585326194763;0.6429444551467896;0.6805782914161682
-0.32625719904899597;0.5885018706321716;0.6987324953079224
-0.26938706636428833;0.4060528874397278;0.4213155210018158
-0.21236038208007812;0.9221230149269104;1.1059383153915405
-0.14834703505039215;0.9540459513664246;1.171870231628418
-0.2773188650608063;0.465911328792572;0.397731214761734
-0.17591600120067596;0.5634104013442993;1.2480231523513794
-0.17495784163475037;0.6336154341697693;1.2336225509643555
-0.2477542906999588;0.5275067090988159;0.3633200526237488
-0.2355293482542038;0.15107151865959167;0.8981739282608032
-0.2282576709985733;0.2427000105381012;0.6938325762748718
-0.2415720820426941;0.17624139785766602;0.7677701711654663
-0.26343291997909546;0.2963654696941376;0.6242815852165222
-0.294037789106369;0.29586848616600037;0.9059215188026428
-0.2628042697906494;0.29101884365081787;1.0904568433761597
-0.16239704191684723;0.4843674302101135;0.29863861203193665
-0.16333262622356415;0.5065097808837891;0.33567965030670166
-0.32273727655410767;0.4917401671409607;1.0780521631240845
-0.20936313271522522;0.5492634773254395;0.3364248275756836
-0.2804703116416931;0.4121737480163574;1.1647733449935913
-0.3447340130805969;0.43294453620910645;0.8820104598999023
-0.35908186435699463;0.48457103967666626;0.8683764934539795
-0.3229449391365051;0.3933860957622528;1.0193378925323486
-0.30012309551239014;0.36234867572784424;1.0654139518737793
-0.2566458284854889;0.25534260272979736;1.0004048347473145
-0.27226483821868896;0.627089262008667;1.1443109512329102
-0.19831347465515137;0.294607937335968;1.188672423362732
-0.21470455825328827;0.423525869846344;1.2311166524887085
-0.15754100680351257;0.36327245831489563;1.2444509267807007
-0.30301767587661743;0.42979201674461365;1.086650013923645
-0.22918592393398285;-0.4533904790878296;1.088200330734253
-0.23276516795158386;-0.4925379157066345;1.0885637998580933
-0.3099612295627594;-0.4608674645423889;0.8196642994880676
-0.2958264946937561;-0.39433395862579346;0.8041744828224182
-0.29790744185447693;-0.4609144330024719;0.9504335522651672
-0.2975133955478668;-0.4713350832462311;0.6965595483779907
-0.26046276092529297;-0.6302529573440552;0.592059314250946
-0.3081552982330322;-0.5364438891410828;0.6518896818161011
-0.06800943613052368;-0.317603200674057;0.6913009881973267
-0.16643548011779785;-0.3054455518722534;0.7383657097816467
-0.2612113356590271;-0.3070693612098694;0.8147377967834473
-0.24115216732025146;-0.2693192958831787;0.8170915246009827
-0.2570796012878418;-0.27611789107322693;0.92641282081604
-0.26905983686447144;-0.33174774050712585;0.9466333389282227
-0.1125846803188324;-0.014053707011044025;0.5873084664344788
-0.2264086753129959;-0.034720391035079956;0.780191957950592
-0.22973980009555817;0.016683820635080338;0.7757114171981812
-0.23240435123443604;0.05821406468749046;0.7733994126319885
-0.11663553863763809;-0.06746415793895721;1.1560407876968384
-0.11780717968940735;-0.011262192390859127;1.1568002700805664
-0.11892262101173401;0.042276740074157715;1.1579258441925049
-0.11804234236478806;-0.17517659068107605;1.1653697490692139
-0.11976169049739838;-0.21129277348518372;1.1715898513793945
-0.12210668623447418;0.07272779941558838;1.1594345569610596
-0.13660593330860138;0.14354778826236725;1.1654398441314697
-0.14528515934944153;0.18599717319011688;1.1694666147232056
-0.12258206307888031;-0.31647247076034546;1.1874984502792358
-0.12603303790092468;-0.3895058035850525;1.1958932876586914
-0.04080773517489433;0.05457732826471329;1.1875741481781006
-0.1740173101425171;-0.209951713681221;0.7133875489234924
-0.17989961802959442;-0.16568297147750854;0.6979214549064636
-0.23727740347385406;0.1255081295967102;0.7702562212944031
-0.2128867208957672;0.11933518946170807;1.0373305082321167
-0.22901512682437897;0.1796625405550003;1.0393245220184326
-0.20366458594799042;0.12871477007865906;0.6297386288642883
-0.20551273226737976;0.16608169674873352;0.6273409724235535
-0.22780606150627136;0.1199323907494545;0.8977509140968323
-0.20187003910541534;-0.1569625288248062;1.0486294031143188
-0.20924890041351318;-0.23378558456897736;1.0574212074279785
-0.2187965363264084;-0.3470814824104309;1.0748652219772339
-0.23597438633441925;-0.18567001819610596;0.9150243997573853
-0.10421761125326157;-0.18777069449424744;0.6460548639297485
-0.20017871260643005;0.0024402460549026728;1.03799569606781
-0.19859741628170013;-0.06833246350288391;1.0408307313919067
-0.21596740186214447;-0.07470165193080902;0.9039866924285889
-0.21712903678417206;-0.039720430970191956;0.9008031487464905
-0.2185649424791336;0.003726550843566656;0.8987570405006409
-0.21946801245212555;0.031192529946565628;0.8979830145835876
-0.20026026666164398;0.07155550271272659;0.6355461478233337
-0.1965925395488739;0.017815615981817245;0.6436200141906738
-0.18978837132453918;-0.07992212474346161;0.6678673028945923
-0.22795791923999786;-0.21689575910568237;0.9823642373085022
-0.15704379975795746;-0.2249504178762436;1.1324907541275024
-0.1594262719154358;0.08683039993047714;1.1074808835983276
-0.22256331145763397;0.1582064926624298;0.6957574486732483
-0.15192238986492157;0.03110220655798912;1.1088935136795044
-0.20570625364780426;0.22059178352355957;1.0930759906768799
-0.15600483119487762;0.2314782738685608;1.184107780456543
-0.166180819272995;0.2687835991382599;1.205273985862732
-0.2266065925359726;-0.7303587198257446;0.8231883645057678
-0.1844329684972763;-0.7631481289863586;0.8280202150344849
-0.15641750395298004;-0.7909728288650513;0.9982922077178955
-0.2312953770160675;-0.7408528327941895;0.9263659715652466
-0.1924571692943573;-0.7762763500213623;0.9123507142066956
-0.07912627607584;-0.8698803186416626;0.9378873705863953
-0.20758056640625;-0.7181999683380127;0.34250497817993164
-0.24829725921154022;-0.6750333309173584;0.6357443928718567
-0.16641901433467865;-0.7654739618301392;0.3560646176338196
-0.12698930501937866;-0.7319798469543457;0.3937804400920868
-0.290581613779068;-0.6518672704696655;0.9502995014190674
-0.2214023917913437;-0.6696268320083618;1.0622233152389526
-0.2726345956325531;-0.6394241452217102;0.6980013847351074
-0.2878429591655731;-0.6281991004943848;0.8184605240821838
-0.09310539811849594;-0.7923004031181335;1.0758661031723022
-0.12970329821109772;-0.7409981489181519;0.34372133016586304
-0.18716183304786682;-0.7393196821212769;0.5894728302955627
-0.21855175495147705;-0.7103340029716492;0.5915625691413879
-0.16779161989688873;-0.7546340227127075;0.40307727456092834
-0.15485380589962006;-0.7359145283699036;1.0840673446655273
-0.21822212636470795;-0.7005215883255005;0.4069187641143799
-0.2783908247947693;-0.5950427651405334;0.5104464888572693
-0.2676733732223511;-0.5955469608306885;0.46152329444885254
-0.19173039495944977;-0.46792227029800415;0.4705214202404022
-0.10236851125955582;-0.6634119749069214;0.4122655987739563
-0.24168413877487183;-0.46074530482292175;0.5182828307151794
-0.26989468932151794;-0.49118855595588684;0.5843757390975952
-0.30834606289863586;-0.5983341336250305;0.9596921801567078
-0.24460558593273163;-0.38058599829673767;0.6790099143981934
-0.3029036521911621;-0.5416821837425232;0.9765747785568237
-0.25419890880584717;-0.40509968996047974;0.6331833004951477
-0.24823834002017975;-0.41863369941711426;0.5974132418632507
-0.31390735507011414;-0.5941089987754822;0.9104940891265869
-0.3180178701877594;-0.5380839109420776;0.8674010038375854
-0.2774302661418915;-0.3557860255241394;0.7653846144676208
-0.32756006717681885;-0.5660717487335205;0.7437623143196106
-0.23325718939304352;-0.617595374584198;1.0785948038101196
-0.30294567346572876;-0.5937626957893372;0.8195755481719971
-0.20166048407554626;-0.35919666290283203;0.7151067852973938
-0.31353437900543213;-0.5161949992179871;0.913741946220398
-0.23715344071388245;-0.5442355275154114;1.0899128913879395
-0.11421406269073486;-0.673351526260376;1.1646442413330078
-0.11405976861715317;-0.7216694951057434;1.1322803497314453
-0.12475067377090454;-0.5002017021179199;1.1960935592651367
-0.12192457914352417;-0.5448142886161804;1.191233515739441
-0.18842121958732605;-0.5536384582519531;1.1433838605880737
-0.07449250668287277;-0.5408163070678711;1.2198340892791748
-0.18239668011665344;-0.65766441822052;1.109458327293396
-0.22483904659748077;-0.19467660784721375;0.8099012970924377
-0.22400644421577454;-0.1552397608757019;0.8021988272666931
-0.2264745533466339;-0.14489293098449707;0.9109944701194763
-0.23452973365783691;-0.6831950545310974;0.5598475933074951
-0.2324889898300171;-0.6830497980117798;0.49990856647491455
-0.2599559426307678;-0.6276018023490906;0.5273892283439636
-0.2007228136062622;-0.7208878397941589;0.48652663826942444
-0.36176544427871704;0.5303295254707336;0.8397486209869385
-0.3473747670650482;0.47896215319633484;0.7216792106628418
-0.3381471335887909;0.42658036947250366;0.7291491627693176
-0.2859380543231964;0.295680969953537;0.7534985542297363
-0.24372296035289764;0.6850583553314209;0.6611737608909607
-0.26874589920043945;0.6901056170463562;0.7334583401679993
-0.16348958015441895;0.7380938529968262;0.6457865238189697
-0.2143094837665558;0.7160226106643677;0.6882006525993347
-0.21748802065849304;0.7624445557594299;0.7992756366729736
-0.13034453988075256;0.7858500480651855;0.7122674584388733
-0.1325724720954895;0.8029205203056335;0.7411622405052185
-0.14294365048408508;0.7594569325447083;0.6725978851318359
-0.035546720027923584;-0.870383083820343;0.8256034851074219
-0.056614819914102554;-0.9223657846450806;0.8091481924057007
-0.038031332194805145;-0.9364529848098755;0.898016631603241
-0.16501615941524506;1.1675701141357422;1.055454969406128
-0.19526171684265137;1.1775293350219727;1.0062179565429688
-0.11772802472114563;-0.5924126505851746;0.12685580551624298
-0.16344161331653595;-0.7037680149078369;0.09267475455999374
-0.08766521513462067;-0.5553305149078369;0.0705147385597229
-0.1637246012687683;-0.67699134349823;-0.0008431675378233194
-0.20986104011535645;-0.6851469278335571;0.09993082284927368
-0.20977725088596344;-0.6652008295059204;-0.000843167828861624
-0.10977639257907867;-0.5569131970405579;0.09020697325468063
-0.11478288471698761;-0.6481109857559204;-0.0008431747555732727
-0.10636855661869049;-0.6701016426086426;0.099105603992939
-0.163776233792305;-0.542011022567749;0.10078029334545135
-0.2351330667734146;-0.5713042616844177;0.08549564331769943
-0.1672421395778656;-0.5164527297019958;0.08826213330030441
-0.16854266822338104;-0.5624163746833801;-0.0008431798778474331
-0.12810681760311127;-0.5522563457489014;-0.0008431798778474331
-0.20321528613567352;-0.5734037756919861;-0.0008431788301095366
-0.2520277798175812;-0.5370293855667114;0.0650702565908432
-0.13222326338291168;-0.5142558813095093;0.07795415818691254
-0.1691524237394333;-0.5009550452232361;-0.0008431798778474331
-0.20812220871448517;-0.5246152281761169;0.07548867166042328
-0.16233238577842712;-0.575946569442749;0.13536076247692108
-0.21352659165859222;-0.6039338707923889;0.12739740312099457
-0.0884002298116684;-0.5561426877975464;-0.0008431787136942148
-0.1305745393037796;-0.5021899342536926;-0.0008431798778474331
-0.25269296765327454;-0.5385631918907166;-0.0008431790047325194
-0.21021606028079987;-0.516261637210846;-0.0008431798778474331
-0.07903800904750824;-0.4890725910663605;-0.000843179295770824
-0.08598314225673676;-0.46168121695518494;-0.0008431794121861458
-0.08709748089313507;-0.4598187506198883;0.03593122586607933
-0.08085377514362335;-0.48428621888160706;0.06317509710788727
-0.21428702771663666;-0.451031357049942;0.032658278942108154
-0.2196182757616043;-0.46745625138282776;0.06158395856618881
-0.11878877878189087;-0.471755713224411;0.0646708607673645
-0.11304666101932526;-0.4531218707561493;0.035984039306640625
-0.22499869763851166;-0.4891056716442108;0.05440450459718704
-0.2332022339105606;-0.4814842641353607;0.03148830309510231
-0.1956896334886551;-0.44243165850639343;0.033516302704811096
-0.18273358047008514;-0.4530395567417145;0.06977774947881699
-0.13113734126091003;-0.46190324425697327;-0.0008431798778474331
-0.13752704858779907;-0.44791534543037415;-0.0008431798778474331
-0.16181163489818573;-0.4471767842769623;-0.0008431798778474331
-0.1695604771375656;-0.46172645688056946;-0.0008431798778474331
-0.16831731796264648;-0.45056310296058655;0.06813807040452957
-0.1622781604528427;-0.4364455044269562;0.033146269619464874
-0.25244733691215515;-0.49126914143562317;0.030680624768137932
-0.25733262300491333;-0.5087742209434509;0.051676079630851746
-0.13673624396324158;-0.43846508860588074;0.0317859873175621
-0.1272720992565155;-0.45515313744544983;0.06302941590547562
-0.18030904233455658;-0.46585068106651306;-0.0008431798778474331
-0.19402168691158295;-0.4538591206073761;-0.0008431798778474331
-0.2516993582248688;-0.4920754134654999;-0.000843179295770824
-0.2579822540283203;-0.508758544921875;-0.0008431791211478412
-0.22019420564174652;-0.49211469292640686;-0.0008431797614321113
-0.2314186543226242;-0.48119208216667175;-0.0008431795286014676
-0.11657819151878357;-0.458228200674057;-0.0008431797032244503
-0.12296144664287567;-0.47589758038520813;-0.0008431798778474331
-0.21347950398921967;-0.4620470702648163;-0.0008431798778474331
-0.2169586569070816;-0.4764081537723541;-0.0008431798778474331
-0.16346009075641632;-0.6877851486206055;0.05110110715031624
-0.11252667009830475;-0.6566480398178101;0.062350571155548096
-0.2086237519979477;-0.6702120304107666;0.05409960821270943
-0.13846544921398163;0.44553008675575256;0.14076021313667297
-0.18299144506454468;0.3138253688812256;0.13115397095680237
-0.1090584322810173;0.47384727001190186;0.08605055510997772
-0.19162873923778534;0.34572362899780273;0.0008346968097612262
-0.24470612406730652;0.32639041543006897;0.1351684033870697
-0.25552263855934143;0.3502339720726013;0.0008346968679688871
-0.134990856051445;0.4719911217689514;0.10914601385593414
-0.13788330554962158;0.3688719868659973;0.000834696926176548
-0.13299888372421265;0.3502691984176636;0.130526602268219
-0.19832302629947662;0.4894685745239258;0.12154662609100342
-0.28130361437797546;0.4459332227706909;0.09753800928592682
-0.2023879438638687;0.5194438099861145;0.1068650633096695
-0.20391321182250977;0.46553677320480347;0.0008346987888216972
-0.15648920834064484;0.47745269536972046;0.0008346985559910536
-0.24457797408103943;0.45265060663223267;0.0008346985559910536
-0.3018262982368469;0.49531108140945435;0.07966513931751251
-0.16131703555583954;0.5220203399658203;0.09477566182613373
-0.20462828874588013;0.537619948387146;0.0008346987888216972
-0.25033289194107056;0.5098707675933838;0.09188409149646759
-0.19690902531147003;0.4715525507926941;0.1469147503376007
-0.2687967121601105;0.4444032907485962;0.1475711166858673
-0.1099204570055008;0.472894549369812;0.0008346983231604099
-0.1593833714723587;0.5361716151237488;0.0008346986141987145
-0.302606463432312;0.49351227283477783;0.0008346985559910536
-0.25278860330581665;0.5196680426597595;0.0008346987888216972
-0.09894025325775146;0.5515559911727905;0.0008346984395757318
-0.10708564519882202;0.5836811661720276;0.0008346984395757318
-0.10839259624481201;0.5858654379844666;0.045490287244319916
-0.10106980800628662;0.5571694374084473;0.077442467212677
-0.25756311416625977;0.5961714386940002;0.04165169969201088
-0.263815701007843;0.5769081115722656;0.07557635009288788
-0.14556080102920532;0.5718655586242676;0.07919672131538391
-0.13882634043693542;0.5937196612358093;0.04555221647024155
-0.2701259255409241;0.5515172481536865;0.06715613603591919
-0.27974724769592285;0.5604556798934937;0.04027952253818512
-0.23575171828269958;0.606257438659668;0.0426580086350441
-0.2205566167831421;0.5938162207603455;0.0851861983537674
-0.16004344820976257;0.5834206938743591;0.0008346987888216972
-0.16753743588924408;0.5998260974884033;0.0008346987888216972
-0.19601888954639435;0.6006922721862793;0.0008346987888216972
-0.2051069140434265;0.5836281180381775;0.0008346987888216972
-0.2036488950252533;0.5967206954956055;0.08326314389705658
-0.19656604528427124;0.6132781505584717;0.04222402721643448
-0.3023183345794678;0.5489798784255981;0.039332251995801926
-0.308047890663147;0.5284494757652283;0.06395617127418518
-0.1666099727153778;0.6109095215797424;0.04062865674495697
-0.15551021695137024;0.5913375020027161;0.07727161049842834
-0.21771302819252014;0.578791081905365;0.0008346987888216972
-0.23379555344581604;0.5928550958633423;0.0008346987888216972
-0.30144113302230835;0.5480342507362366;0.0008346985559910536
-0.3088098168373108;0.5284678339958191;0.0008346985559910536
-0.26449114084243774;0.5479879379272461;0.0008346986724063754
-0.2776554822921753;0.5607982873916626;0.0008346986141987145
-0.14296816289424896;0.587730884552002;0.0008346984977833927
-0.1504545956850052;0.567007839679718;0.0008346985559910536
-0.2566160559654236;0.5832520127296448;0.0008346987888216972
-0.2606964707374573;0.5664089918136597;0.0008346987888216972
-0.18742206692695618;0.3283059597015381;0.05908320099115372
-0.13665789365768433;0.3603496551513672;0.07006790488958359
-0.24497336149215698;0.3359776735305786;0.06163812428712845
-0.22033792734146118;-0.6495219469070435;0.1120532900094986
-0.22270752489566803;-0.6270493865013123;0.06083562225103378
-0.23630528151988983;-0.6029635667800903;-0.0008431769092567265
-0.10385119915008545;-0.6263779401779175;0.11304088681936264
-0.09511001408100128;-0.5983226895332336;-0.0008431769674643874
-0.10235963761806488;-0.601978063583374;0.07135569304227829
-0.2833866477012634;0.4179823398590088;0.0008346980321221054
-0.2701432406902313;0.3843618631362915;0.14163964986801147
-0.27564457058906555;0.3951528072357178;0.07130205631256104
-0.11858513951301575;0.4184267520904541;0.08689482510089874
-0.12188739329576492;0.40208879113197327;0.13343974947929382
-0.11794789880514145;0.4273184537887573;0.0008346977410838008
-1.3444828361741656e-08;0.8350350260734558;0.7071611881256104
0.09017343819141388;1.3175532817840576;0.6738563179969788
-1.2791133485734463e-08;1.3470991849899292;0.67697674036026
-0.08404245972633362;1.3203587532043457;0.6734036803245544
-1.498019841505993e-08;1.2646875381469727;0.6985124349594116
0.09551990032196045;1.262974739074707;0.6967822313308716
0.09017343819141388;1.262974739074707;0.6963874697685242
-0.09551993012428284;1.262974739074707;0.6967822313308716
-0.08404245972633362;1.262974739074707;0.6959348320960999
-1.498019841505993e-08;1.2639970779418945;0.6944878101348877
0.039605941623449326;-1.080613374710083;0.3275003731250763
-1.2791133485734463e-08;-1.1135356426239014;0.3426436483860016
0.027628323063254356;-1.103903889656067;0.3390561044216156
0.028363417834043503;-1.0573071241378784;0.3147766888141632
-1.2791133485734463e-08;-1.047637701034546;0.3081393539905548
0.037085551768541336;-1.4055395126342773;0.13826078176498413
-1.1175984582223464e-08;-1.4091349840164185;0.1732458472251892
0.02586951106786728;-1.4080705642700195;0.16303080320358276
0.026557862758636475;-1.4032039642333984;0.11333110928535461
-1.1175984582223464e-08;-1.4023441076278687;0.10290123522281647
0.030759751796722412;-1.459855318069458;0.14119172096252441
-1.1175984582223464e-08;-1.454754114151001;0.16963379085063934
0.021455151960253716;-1.4562114477157593;0.16127830743789673
0.022026196122169495;-1.4636754989624023;0.12107150256633759
-1.1175984582223464e-08;-1.465371012687683;0.11273837089538574
0.01622476615011692;-1.4784142971038818;0.14513584971427917
-1.1175984582223464e-08;-1.4756908416748047;0.16016905009746552
0.011312134563922882;-1.4764704704284668;0.15575207769870758
0.0116136334836483;-1.4804141521453857;0.13452181220054626
-1.1175984582223464e-08;-1.481281042098999;0.13013796508312225
-1.1175984582223464e-08;-1.4846138954162598;0.14672762155532837
0.037116456776857376;-1.1174426078796387;0.2742977738380432
0.037092454731464386;-1.1477985382080078;0.24497130513191223
-0.0011171400547027588;-1.1439499855041504;0.29612380266189575
-0.0002495497465133667;-1.1700327396392822;0.2694750428199768
0.02579885721206665;-1.1635842323303223;0.26308438181877136
0.025553209707140923;-1.136171817779541;0.2906155288219452
0.02626287005841732;-1.0987868309020996;0.25679898262023926
0.02649196982383728;-1.1318950653076172;0.22571499645709991
-0.0002495497465133667;-1.1251614093780518;0.21650367975234985
-0.0011171400547027588;-1.0910208225250244;0.2482457458972931
0.037085551768541336;-1.1865174770355225;0.21284697949886322
0.037085551768541336;-1.2220945358276367;0.19242405891418457
-1.1175867342672063e-08;-1.2044663429260254;0.2422236204147339
-1.1175839809141053e-08;-1.2376396656036377;0.2246321141719818
0.02586951106786728;-1.2331979274749756;0.21583853662014008
0.02586951106786728;-1.199296474456787;0.23438633978366852
0.026557862758636475;-1.1736178398132324;0.19020825624465942
0.026557862758636475;-1.2108097076416016;0.1680583357810974
-1.1175840697319472e-08;-1.2059414386749268;0.15697696805000305
-1.1175866454493644e-08;-1.1680986881256104;0.17967769503593445
0.037085551768541336;-1.2614259719848633;0.1740679293870926
0.037085551768541336;-1.2916820049285889;0.1614682525396347
-1.1175834480070534e-08;-1.2732737064361572;0.20902828872203827
-1.1175836256427374e-08;-1.303833246231079;0.19815579056739807
0.02586951106786728;-1.3004987239837646;0.18770857155323029
0.02586951106786728;-1.269946813583374;0.19941018521785736
0.026557862758636475;-1.2527015209197998;0.14781393110752106
0.026557862758636475;-1.2826604843139648;0.13484200835227966
-1.117584957910367e-08;-1.2787156105041504;0.12327392399311066
-1.1175835368248954e-08;-1.2488892078399658;0.13606299459934235
0.037085551768541336;-1.326841115951538;0.15065422654151917
0.037085551768541336;-1.3639382123947144;0.1427716761827469
-1.1175859349066286e-08;-1.3362691402435303;0.18616437911987305
-1.117596681865507e-08;-1.3693240880966187;0.17892064154148102
0.02586951106786728;-1.367830753326416;0.1684112399816513
0.02586951106786728;-1.3337278366088867;0.17614175379276276
0.026557862758636475;-1.3198215961456299;0.12458845227956772
0.026557862758636475;-1.3601211309432983;0.11696775257587433
-1.1175971259547168e-08;-1.3585377931594849;0.10609231889247894
-1.117590819887937e-08;-1.316781759262085;0.11335798352956772
0.05024588108062744;-0.9571856260299683;0.6873220801353455
0.048366729170084;-0.9686253070831299;0.6455098390579224
-1.2791129044842364e-08;-1.0044300556182861;0.6964497566223145
-1.2791108616738711e-08;-1.014186978340149;0.6555700302124023
0.03374320641160011;-1.0009732246398926;0.6533886790275574
0.035025037825107574;-0.990732729434967;0.6945080757141113
0.03601852431893349;-0.9234368205070496;0.6791107058525085
0.03463886305689812;-0.9360920786857605;0.636601448059082
-1.2791108616738711e-08;-0.9224297404289246;0.6316781044006348
-1.2791129044842364e-08;-0.9092614054679871;0.6744422316551208
0.04424276947975159;-0.9974524974822998;0.5499558448791504
0.043110087513923645;-1.0110950469970703;0.5097581148147583
-1.2791105064025032e-08;-1.0387157201766968;0.5592862367630005
-1.2791106840381872e-08;-1.050840139389038;0.5197463631629944
0.030073637142777443;-1.039292573928833;0.517616868019104
0.03086276352405548;-1.0267388820648193;0.5573405027389526
0.03168574720621109;-0.9680126905441284;0.541472315788269
0.03087371215224266;-0.9827630519866943;0.500821053981781
-1.2791106840381872e-08;-0.9708945155143738;0.4958401322364807
-1.2791105064025032e-08;-0.9556657075881958;0.53668612241745
0.043110087513923645;-1.041612148284912;0.4175542891025543
0.04226190224289894;-1.0584344863891602;0.37636297941207886
-1.2791132597556043e-08;-1.0806729793548584;0.42844516038894653
-1.2791133485734463e-08;-1.095916509628296;0.3868219554424286
0.029437793418765068;-1.085029125213623;0.38461145758628845
0.030073637142777443;-1.0693084001541138;0.4261191785335541
0.03087371215224266;-1.0138113498687744;0.40778642892837524
0.030306437984108925;-1.0316131114959717;0.36691316962242126
-1.2791133485734463e-08;-1.0203887224197388;0.3615834414958954
-1.2791131709377623e-08;-1.0021886825561523;0.40233924984931946
0.056614797562360764;-0.9223657846450806;0.8091481924057007
0.052192769944667816;-0.9376140832901001;0.7690293788909912
-1.2791133485734463e-08;-0.9853153228759766;0.786798894405365
0.036451831459999084;-0.971457839012146;0.7823114991188049
0.03990463539958;-0.9578213095664978;0.829247772693634
0.037324242293834686;-0.9035664200782776;0.7548418641090393
-1.2791133485734463e-08;-0.8892887234687805;0.7479313611984253
-1.2791133485734463e-08;-0.8807848691940308;0.7804431915283203
-0.039605963975191116;-1.080613374710083;0.3275003731250763
-0.027628349140286446;-1.103903889656067;0.3390561044216156
-0.028363443911075592;-1.0573071241378784;0.3147766888141632
-0.037085577845573425;-1.4055395126342773;0.13826078176498413
-0.02586953341960907;-1.4080705642700195;0.16303080320358276
-0.026557892560958862;-1.4032039642333984;0.11333110928535461
-0.0307597815990448;-1.459855318069458;0.14119172096252441
-0.021455179899930954;-1.4562114477157593;0.16127830743789673
-0.022026222199201584;-1.4636754989624023;0.12107150256633759
-0.01622479036450386;-1.4784142971038818;0.14513584971427917
-0.011312160640954971;-1.4764704704284668;0.15575207769870758
-0.01161365956068039;-1.4804141521453857;0.13452181220054626
-0.03935074061155319;-1.1174426078796387;0.2742977738380432
-0.03759155422449112;-1.1477985382080078;0.24497130513191223
-0.026297960430383682;-1.1635842323303223;0.26308438181877136
-0.02778749167919159;-1.136171817779541;0.2906155288219452
-0.028497159481048584;-1.0987868309020996;0.25679898262023926
-0.02699107676744461;-1.1318950653076172;0.22571499645709991
-0.037085577845573425;-1.1865174770355225;0.21284697949886322
-0.037085577845573425;-1.2220945358276367;0.19242405891418457
-0.02586953714489937;-1.2331979274749756;0.21583853662014008
-0.02586953714489937;-1.199296474456787;0.23438633978366852
-0.026557892560958862;-1.1736178398132324;0.19020825624465942
-0.026557892560958862;-1.2108097076416016;0.1680583357810974
-0.037085577845573425;-1.2614259719848633;0.1740679293870926
-0.037085577845573425;-1.2916820049285889;0.1614682525396347
-0.02586953714489937;-1.3004987239837646;0.18770857155323029
-0.02586953714489937;-1.269946813583374;0.19941018521785736
-0.026557892560958862;-1.2527015209197998;0.14781393110752106
-0.026557892560958862;-1.2826604843139648;0.13484200835227966
-0.037085577845573425;-1.326841115951538;0.15065422654151917
-0.037085577845573425;-1.3639382123947144;0.1427716761827469
-0.02586953341960907;-1.367830753326416;0.1684112399816513
-0.02586953341960907;-1.3337278366088867;0.17614175379276276
-0.026557892560958862;-1.3198215961456299;0.12458845227956772
-0.026557892560958862;-1.3601211309432983;0.11696775257587433
-0.05024590343236923;-0.9571856260299683;0.6873220801353455
-0.04836675152182579;-0.9686253070831299;0.6455098390579224
-0.033743228763341904;-1.0009732246398926;0.6533886790275574
-0.035025060176849365;-0.990732729434967;0.6945080757141113
-0.03601854667067528;-0.9234368205070496;0.6791107058525085
-0.03463888540863991;-0.9360920786857605;0.636601448059082
-0.04424279183149338;-0.9974524974822998;0.5499558448791504
-0.043110109865665436;-1.0110950469970703;0.5097581148147583
-0.030073663219809532;-1.039292573928833;0.517616868019104
-0.03086278960108757;-1.0267388820648193;0.5573405027389526
-0.03168576955795288;-0.9680126905441284;0.541472315788269
-0.03087373822927475;-0.9827630519866943;0.500821053981781
-0.043110109865665436;-1.041612148284912;0.4175542891025543
-0.04226192459464073;-1.0584344863891602;0.37636297941207886
-0.029437819495797157;-1.085029125213623;0.38461145758628845
-0.030073663219809532;-1.0693084001541138;0.4261191785335541
-0.03087373822927475;-1.0138113498687744;0.40778642892837524
-0.030306464061141014;-1.0316131114959717;0.36691316962242126
-0.05219279229640961;-0.9376140832901001;0.7690293788909912
-0.036451853811740875;-0.971457839012146;0.7823114991188049
-0.03990465775132179;-0.9578213095664978;0.829247772693634
-0.038193970918655396;-0.8925043940544128;0.7892107367515564
-0.03732426464557648;-0.9035664200782776;0.7548418641090393
-0.12452947348356247;1.174346685409546;0.95048588514328
-0.12562355399131775;1.1795494556427002;0.9855811595916748
-0.11403672397136688;1.1968936920166016;0.9861056804656982
-0.12320489436388016;1.1716115474700928;0.9690396189689636
-0.10494356602430344;1.1906371116638184;0.9650517702102661
-0.11299224942922592;1.1902885437011719;0.9430508613586426
-0.10827948898077011;1.2101624011993408;0.9437072277069092
-0.10885495692491531;1.2157466411590576;0.9788837432861328
-0.10262678563594818;1.2156810760498047;0.9609875679016113
-0.13222640752792358;1.1961026191711426;0.9332438707351685
-0.15935075283050537;1.2111201286315918;0.9623922109603882
-0.1556348204612732;1.186305046081543;0.9495401978492737
-0.16140703856945038;1.1862375736236572;0.9679216742515564
-0.14194640517234802;1.1756374835968018;0.9470531344413757
-0.13374818861484528;1.2054107189178467;0.9939568638801575
-0.14642661809921265;1.1697461605072021;0.9707260131835938
-0.1433706134557724;1.181938648223877;0.9899415969848633
-0.15693387389183044;1.1913971900939941;0.9845374226570129
-0.15240323543548584;1.21126389503479;0.9841711521148682
-0.12256947159767151;1.2194631099700928;0.9379663467407227
-0.1397963911294937;1.2218997478485107;0.9417266249656677
-0.1511048674583435;1.2047901153564453;0.9413206577301025
-0.11833491176366806;1.2321267127990723;0.9580399394035339
-0.140424907207489;1.2274503707885742;0.9767513275146484
-0.14155490696430206;1.230067491531372;0.9582768082618713
-0.12309099733829498;1.2263364791870117;0.9810166954994202
